x1,x2,x3,x4,x5,x6,x7,x8,x9,x10,x11,x12,x13,x14,x15
5.527333694252091,-3.1164070598485476,-5.896290115196928,-2.295727186376378,-0.08767291500190533,-0.9201095747715011,0.2397380915779408,1.1368117032728746,3.2741290045765226,0.4150235735302905,-8.703701552996598,-3.8368157314524556,0.8325705418879847,-4.811139865533386,-0.617766612850162
3.7942939183963884,-5.591571596626049,-3.645241290829888,-1.0312322138216026,0.9408543467649567,-2.384974610073799,0.6653120797808837,0.9085854815910035,5.922437366585666,-1.8088507245142003,-5.116089312807282,-0.8456342284251512,1.1150660203880223,-2.974234838219254,-3.21703443326238
2.8048290232140523,0.35701163021669213,-4.317707728133041,-1.8455285419869938,0.12820185124511088,0.8542124087606067,-0.5563346574076942,-0.620787748579586,4.5759112653297125,1.0487823383171868,-5.124473776387095,-2.5764514029372494,0.130360518644965,-2.3172565572247668,-1.0802314325248064
3.8648762301854345,-4.763575947436447,-4.298855199714944,0.05399270672636147,0.27606421779511553,-4.832281073934569,3.34354762966556,2.4249811496411238,5.468567136149136,-1.8400953685443264,-6.4502155416852265,-1.6781253452010054,1.8185364297284925,-4.047686784376092,-2.563360253314396
4.850966185932323,-2.760808193090989,-3.841047103490886,-1.6960711471736378,-0.0005339468426813765,0.25119249389218146,-0.8292977199795537,0.16297822576740595,4.987747424616932,0.48144452075239563,-6.983436905789253,-2.9729394939748075,0.03310107511162497,-3.7148565000811704,-1.1545664365925323
4.415081996358618,-6.872745080230674,-3.867107052802412,-0.6430822290722266,0.9659263316307596,-1.9188306241186743,1.6725727238218049,-0.3599979518313978,3.8388941720615595,-2.959994844428046,-2.8687909117481576,-0.4143925082560602,1.3658712834566313,-2.5603957399195947,-3.5499690496412697
2.5116003150288138,-1.7784167728795526,-4.111274850981179,-1.2279432912443518,-0.05948241795410647,-1.3365013508465127,2.59072148428935,-0.6868491717541283,3.524786703706428,-1.777884687581627,-2.7094557182117134,-2.3323861026453225,1.337061366590522,-1.8431778449128249,-2.2549476501277606
1.7858057030493713,-3.04804027590549,-4.452306020600173,-0.3900543055336344,0.10681789193158334,-2.179233143935465,2.628909550341812,0.3843420595411505,4.222145027073941,-1.8164893315217792,-2.7865676714728957,-1.8660123080019515,1.4851810454698422,-1.5338326411837555,-3.2635537703088997
5.040698388261627,-6.338827139296674,-3.7895027204452916,-0.7433912533785267,1.402368336578391,-0.9428383743477007,1.1804232372173322,-0.5566605402986802,4.617716433278211,-2.828679869560557,-3.5186461743046564,-1.1151802937573594,0.423056586313731,-1.8642418621460708,-3.9093772078818407
2.400971930820469,-4.134275357488794,-4.444473622758159,-0.4622000098648652,0.8344981608936066,-3.8112034693465726,1.4326046953876654,1.220764331598936,6.825676117734387,-1.2217023879957996,-6.990025317190382,-1.15634720978891,1.0327682682506762,-4.275178773104994,-3.288342836247815
1.754704964966274,-1.008155972413763,-3.151339108183348,-0.33333600858357004,0.05431224700409365,-2.2499448536720914,2.384811117243573,-0.4154806968233864,4.3792255617318006,-1.4443833339055323,-1.4438175771656123,-0.416953613951212,1.3309597274275446,-0.33605661566431655,-3.1510572785902724
3.4630302484263753,-4.050318886432594,-3.4702764475775916,0.4084949605732502,1.3895620606855743,-1.160539394139746,1.0330647308777237,1.1301911585622753,5.763393481108258,-3.3507861143456337,-2.5899195028257673,-0.5275588820767156,0.6816487957174158,-1.774513567733285,-3.5080340887459993
3.7351945521363143,-3.4456452344459123,-5.30189425444499,-0.9475388880770037,0.2235920080618372,-2.3402000881691905,1.9377790671158261,0.8240888141548356,4.403109658420029,-0.5018610364022666,-5.963321176680419,-2.4201779051649286,1.3601912142029289,-3.929721744100824,-2.2236209188465796
1.3351198420033246,-0.5042357379644127,-3.237224012827837,0.08763286557101035,0.14751572411413444,-2.341646854914229,2.411143134246883,0.39986151085211874,5.544846234604641,-1.097190132879516,-3.3374939690362475,-1.3663880732983273,1.0613511433782974,-1.2410540612689902,-2.39034789326036
1.968679626815641,-2.4007022017761077,-1.8496486271087673,0.10630816188640857,0.6544850659769244,-0.4410823449750134,1.6668950063138122,-0.804429206846139,4.609844001369123,-1.5397720885128159,-1.9454814884788338,-0.3633609641713309,1.0280873935667638,0.21749477290253383,-3.611018674461299
2.48259481413573,-2.9404893396682725,-4.082885623889535,-0.46509614470680016,0.019198313563138503,-3.65111820961224,3.933401717687591,1.5664808535024277,4.020203216176997,-1.7786953577531803,-3.749205081503317,-1.942910760943372,2.2519826970807477,-2.3316796201401537,-2.720474359022052
3.476681644901331,-3.707887949237747,-3.8147927692026897,-0.43854545656468846,0.8255161766987242,-2.710918108981203,1.4799526929975728,1.229756531572547,6.762627027555866,-1.0008859013749671,-6.968769630480812,-0.6056797756674377,0.8715390179617701,-3.729300404110369,-2.9213783922617385
3.1669561327598186,-2.9679259047442996,-3.552729566910723,-1.0963745773970253,0.3011720647121454,-0.8971757709131085,0.8274715515757741,0.12901939137726465,4.944958114213669,-0.9315323747422672,-4.99287339695551,-2.1755217828598363,0.46960492729105596,-3.057204196776433,-1.6424733757346925
0.708139959580417,-0.922780362930566,-5.03693960047498,-0.542774030439768,0.18131397732869575,-3.0811535508512184,3.337422561461608,1.3929542735343803,5.754768537502426,-0.7925863397980655,-3.3042439544818136,-1.3982997562040733,1.6703314039928026,-2.6198216987354646,-2.387709014833114
3.471684013030458,-1.0803011626976475,-4.492138157887367,-1.7258137202182144,-0.3188846647091145,0.3518167381784856,0.9946339878983073,-1.0114723480251098,4.012831459697923,0.30102722442533403,-5.410483849246332,-2.5868684094419945,0.5144493464209347,-2.441184449748863,-1.2822056318781574
2.2012097147767253,-2.540648327362863,-3.463971639785439,-0.7387114093836549,0.5188601448969679,-1.6917154887156625,2.2136486299732243,-0.31002665728456885,4.4823713623669885,-0.8917215378354246,-0.9699128007577364,-1.7274451823236547,1.6597051012196617,-0.8027770577744886,-2.841692597978583
3.544583825025447,-2.377500434918623,-4.404196764448439,-1.3099716344868435,-0.3587571026987493,0.03484965639426485,2.107182716549748,-1.2729286314135144,1.660299417930406,-0.7007745696369917,0.9123001590882538,-2.4544109191867323,1.6424063929953832,-0.866126665485462,-1.661983162003606
2.619283516454203,-1.2682343480266234,-5.030749148379382,-1.4910545135961843,-0.09929972917572721,-0.734610742420384,1.775968353737447,0.41727919985329154,4.322341625031697,1.2967424570139134,-5.157926015556016,-2.724340942128872,0.6396416785110225,-2.329612801220321,-1.3409331121562307
6.788685630183336,-6.277832865416243,-4.3255651465580325,-1.9289867310331945,0.4508329346509715,-2.1877645846713927,0.6223969369506511,1.6449748287421309,4.349842917095937,-0.38861852596022217,-8.819425265094512,-3.442243021953674,0.7366289734763332,-5.723309272207828,-1.289235019545083
2.3787646602261265,-1.5559018879198288,-3.8443329055529785,-0.9072679923127217,0.13628012457172312,-1.1342494228819655,1.8429815606990947,-0.019735066209162697,3.8138209757537007,0.2871180621285858,-1.739668508999621,-2.1893506312239133,1.6421829574995814,-1.0389619119192812,-2.1459142775031252
2.433621004536148,-2.7790596282729103,-3.2245904950046147,-0.35266983989959544,0.5089336612361046,-1.0846106027437377,2.256170722939544,-0.5585629281689569,4.08313295662471,-2.6059056487311714,-0.0876044632467039,-0.712816267282917,0.9890413036142249,-0.5232054050984873,-3.8158886196342787
5.0114069186152355,-6.9791038460397825,-3.0907564366187814,-0.6479559529835043,1.318399431255626,-3.031148218454546,1.942015894568431,1.9830030701060815,5.484332931840203,-2.729639337517037,-5.516945011395901,-0.23377745243144954,0.9929329458699491,-3.1019369379166,-3.507196978159969
5.46250226374858,-3.3859651036925005,-4.7230154450863635,-2.1144379737255594,-0.15887698436775144,-0.12897676368373467,-0.8448248446033975,-0.979292455119896,4.349513686246142,0.5452466980798205,-7.39339214546682,-3.133365277120477,0.004169205158204292,-4.72753256930794,-0.4400304734625422
2.087916389830487,-2.5309604373086594,-3.2787270659244565,-0.22291004611578924,0.8480837319899474,-0.3437921771853868,1.6375578627880913,-1.3958954585359664,4.0287655616179885,-2.1494289834383515,-1.0980684045700402,-0.3285297545643604,1.6106233497851774,0.5839166701075826,-3.359578876794549
5.689751159736892,-5.185286793792737,-4.4762162642808,-1.2550688185913332,0.9068433459173041,0.4085683557565787,-1.6146618060704734,-1.0808906052840253,4.798862336403923,-0.961321596994348,-7.7084502977747436,-2.4814654562705165,-0.36180070940912756,-2.858492948516266,-2.0540383303121277
3.900031889073745,-5.578481049595515,-4.201618452707033,-0.7358053468149242,0.7934376206512952,-3.1074723266256883,2.2890597687447864,1.5631540965504047,4.663792638820258,-2.8374674501674795,-4.250748791217728,-1.0453245097052848,1.5886688553737498,-2.886090292621159,-3.2993558860981893
6.078999051050391,-3.994733017383509,-3.314599758019157,-1.6431908631754746,1.0842820795285448,2.2431032440462526,-0.4471146007911928,-2.5199615288624133,2.2276993388995296,-1.804280839704583,-1.4321256350329143,-1.5219159434566283,0.5107569483447777,-1.0169550800857912,-2.306960908285905
4.605332814828049,-1.7237909339630373,-5.032209562075385,-2.0420264849472978,-0.05798788130350757,-0.73160154656742,-1.2371554905891937,0.9611185732377459,6.378163672923198,0.39359154637281524,-9.779035792169147,-2.5734831924455266,-0.013304502137562846,-3.86294874859422,-1.1591881509615831
3.3979623591882415,-4.401371618489086,-3.0007296001915593,-0.680415644734337,0.8825638820935058,-1.7332224456583907,0.7547079705556076,0.6584237380032462,4.75944384334807,-2.285157144765006,-3.832185819888985,-0.7905309342953561,0.9489590205543593,-2.041713657471523,-2.8651222375105903
2.0972034651990645,-2.393552314374386,-3.8987768861796708,-0.3808243679201596,-0.13083561784961073,-3.639566849787703,3.5647523909809267,1.3450405671779355,4.720166066839655,-1.5813845792749732,-3.2376694693904735,-1.3392472819363892,1.912345935994638,-3.053625395956219,-2.668106517898253
2.8412733367034693,-1.3825212022126832,-3.492364223671764,-1.001059035112057,-0.1533488221902562,0.3779745018442977,0.2963296657773805,-0.011946989944159339,3.7874461487531708,0.11789464982373943,-3.236523998775016,-2.800024641548489,0.8204481357433426,-2.7391784989964942,-1.5183359856728091
2.884251570009785,-2.4923324650522614,-4.368777561132769,-1.4766021195369587,-0.25411201390547955,-1.4940262542078089,1.4493838700029802,0.3199818257861956,4.213076291923965,-1.0635118404218522,-5.1648437643327085,-2.7257286040774806,1.2318690429829269,-2.922853911097193,-1.4927401142378856
3.7781380490881915,-2.1284078625064002,-4.712257445723085,-1.284026252509749,-0.15888005405458017,0.2166315972352364,0.7488862680696163,-0.12745310953369424,3.1247273947361105,0.4706427519974159,-2.9441833925278464,-2.97152046658529,0.9343394077497524,-2.4434219893110205,-1.572972146754473
3.4646904024864504,-2.641874406911601,-4.606299587392028,-1.4974111541585646,-0.38639368545910246,-0.3564642305711474,2.5267311397265697,-1.2804149561510807,2.7724442580972877,-0.7018534029628738,-0.7955625949194576,-2.7072549164432838,1.8167534675295727,-1.7958090679347838,-2.5736242568694707
2.8675010649916004,-3.4594825143038928,-3.5716370555396573,-0.8198455625444097,-0.5010941547698783,-2.5058515363712806,3.987036145329169,0.8211415462901906,2.9231947282515796,-1.1658222169990835,-2.274634434762083,-2.5926997709588013,1.9690700811634927,-2.087133140407964,-3.24803645671595
4.931750224725356,-3.1707063448930035,-4.655062624841698,-1.7698781644474306,0.23935579786874744,0.29741811382310845,-1.3375724735374606,0.9953864460775028,4.421856749387235,-0.4299613027260108,-7.701543781923262,-2.162751420449174,0.17915651685588363,-3.6385437262200164,-1.317640950189836
1.9033625696481742,-1.7102055911326288,-5.398602936907196,-1.4012840219524463,-0.22188811351688154,-2.2955067472950783,2.750476704033895,-0.5582332065069705,3.8611441726886646,-0.425745084826694,-2.1698410580543217,-2.1814088522410495,1.9679368884508723,-2.681820787774253,-1.9914098516942111
4.297861596499915,-6.039697616525208,-3.4037960485887386,-0.8377884746643127,1.0920436553392199,-1.9475307409927671,-0.0191708694286572,-0.23202176991074158,5.556775053990318,-3.472362510807587,-5.369182924750695,-0.04626724627327494,0.514093682109022,-1.9645241351635077,-3.3141811733622495
1.9593463650667249,-3.014808047288324,-3.8331782334866853,-0.8383820690174568,0.8725252118155269,-2.6541301274311353,2.3298926492191088,-0.3792441324368659,4.213048665050049,-0.8992965492867343,-0.6953361515017282,-1.174590810358257,1.163051915308084,-2.2353446184135994,-3.1726405931652875
4.696187922637662,-2.87460784355766,-5.477807584383942,-2.0737566663532254,-0.3798831082095616,-1.037608258808692,0.33770741214327615,0.7971696386189439,3.579086291230209,1.2654907295194913,-6.709201905581306,-4.517796773020753,0.7383630900265544,-4.884702664041422,-0.9914065752266898
2.4559691118293157,-0.47775922334611076,-4.3168811318719476,-1.2057709098572476,-0.5366525228974797,-0.5364724507306734,2.6788662396086367,-0.7127522571737471,3.1665009202916146,0.37043706914213126,-1.9049013910822428,-3.2717655192657444,1.9424831360198938,-1.450366931697812,-1.5758564019400458
1.5542495785022612,-0.23799403638198102,-5.36895649367783,-1.3304964903848158,-1.1383045644081224,-1.3102700331577661,3.1335217840126175,0.05133758682436827,3.4925057191240705,0.2980979146681959,-3.593344996832131,-2.623120025417912,1.7806877028750432,-3.143715732614611,-0.7805972543097452
3.8578051965651006,-3.848342376647987,-3.2082479515839157,-0.567193349078532,1.1730101385771827,-1.7917224320360428,-0.011610252670873233,0.26648286883481237,6.180648944127139,-2.811093352680021,-5.41103321599455,-0.3184681305581245,0.6576528866854845,-2.331079152707055,-3.2627007509610473
5.2398277274143865,-7.317242108673316,-2.664254549043031,-0.315502569674895,1.658897729494318,-1.6487899699063266,0.5703149082023621,-0.49419543851662895,4.828089616056289,-3.824277196816723,-4.702951023626839,-0.3862890683931961,0.9998010664902972,-2.240121781642423,-3.846741686048648
4.961733158076685,-2.9878361791402,-4.742806095332776,-1.742090167406908,0.303914686650341,1.224925882594083,-1.0933770725029452,-1.2629325777585605,3.745505749873461,0.1536385993812983,-5.849844674225585,-2.8904336933075068,0.6914266497018098,-2.541434473974388,-1.3907432197721161
3.246566052630455,-3.273177027662439,-5.464924302711847,-0.8299401448951182,-0.19653895007271616,-1.8725649854179127,3.3051273920056876,0.8980633653091654,2.445924230918954,-1.0973027189071638,-0.777665564082342,-2.25467174504375,2.071347711956541,-2.2549081374992657,-2.2127162021164914
4.4862549372865566,-3.936739063676851,-5.343829677183928,-1.775534013832618,0.22173481138093382,-1.7499996253064294,0.18785311734831067,1.0868373363300496,5.852628843284546,-0.7435331250428404,-8.667238186895759,-2.1037167053006454,0.553311512288202,-4.547308074869424,-1.644927287016392
3.1564680798178117,-0.2711878698331378,-5.482519793309014,-1.595677043222783,-0.7232928173104136,0.1785644221947964,2.3647941105508803,-2.6955129154187527,1.1574189864345268,0.507488168546794,-0.3649895840201731,-3.6882501163627635,1.8323082383695972,-1.358691790943822,-0.99268842376172
4.389089324348795,-4.47003818898477,-4.65212424791458,-0.9529793869549793,0.3512953399161203,0.11581249509497704,2.402533311349445,-1.3939366840526315,1.358436360930349,-1.9038688361042468,1.1373554170132323,-2.716885427158393,1.7321059703199415,-0.7793267406075475,-2.612942639719643
1.376645505379285,-0.593734776882946,-4.412552875930532,-1.5118360846462373,-0.24696423958470604,-1.632152847917813,2.3668972633316887,0.8077670087994574,3.7922080679276773,-0.4245771420255421,-4.163641442819092,-2.1869877238895414,1.3753394571422506,-2.1135992646586743,-1.7368211141673586
4.712841883233228,-2.4028291412513516,-3.5500764637515347,-1.1139761823897336,1.0881721458388594,0.3091068885501882,-2.3231945533586393,-0.427198749251423,6.759334256216542,0.6498658337644938,-8.016117786552662,-1.9865205472499243,-0.834899434408551,-2.7241608209926236,-2.4439831910015735
2.961374211870167,-2.915672574016565,-4.7195124691852435,-1.0454897441455713,-0.18144370605072113,-2.6639665125387118,3.2682851581603165,1.600753305751735,2.884012720149503,-0.7032638570351861,-3.502573528648522,-1.8457272459345893,2.53192830579371,-2.4935381341032485,-2.2301727381767864
3.5989650374577664,-2.528693957719275,-5.306854647024371,-1.9953141316384562,-0.5622673777337157,-3.4667149325177737,1.5944818212139307,2.7412350018067984,6.188047731533751,0.8025291398941141,-10.61131374535982,-3.4550354387676814,1.03771801257937,-5.979914598597855,-0.9385669781395298
4.1934316681515265,-1.8733577976346536,-5.165329399153625,-2.089523648155998,-0.08148109887827742,-0.6461573765855807,0.9088397926464387,-0.3681378853204675,3.1616191681163874,0.32236894720677967,-4.421135216040548,-3.263240678313548,0.8147155408540919,-3.185209880024511,-1.1271388625128589
2.73070876412751,-2.0208033629258635,-4.131120285971637,-0.11118374566952716,-0.11093340544341657,-2.3129395386183713,3.2200709268980416,0.38771195033872435,4.155981342602268,-1.4034374472450348,-1.7496720995670727,-1.0340844566842204,1.3093156302666635,-1.9739354038759434,-3.0642464719058187
4.682005471168959,-1.8527295269030712,-4.079575709469288,-1.6804143371672338,-0.19580881821821283,-0.03321465089466846,0.31690554160199413,-1.720142145382521,3.2591644006443428,0.21394788059323888,-5.360047686209516,-3.596333592549653,0.7711230705020471,-2.6183990293243466,-1.010980732970563
2.7741193036696474,-1.075403894288373,-3.6595672276698608,-1.1026022550821122,0.4860120850529568,1.408374231960578,0.8375024804879325,-3.663265682525277,3.0833201017879452,-0.4819843075800715,0.00832980828431129,-2.118699497543274,1.3289997013498875,0.208300873582401,-2.4763097423550198
3.879396213264556,-2.952350204821399,-4.409689933047632,-0.6137768956797278,0.6627275678739177,-0.06237455181033713,0.7895531016593755,-1.1708084255999487,4.627137865192032,-1.1858728039970143,-3.7935607557452693,-2.7368672250739534,0.33285134150721873,-1.965963891993161,-2.4455623244059552
5.4740493451342465,-4.39183884420356,-2.9401522997137692,-1.3981777468407415,0.7877050229685654,0.28472375080446466,-0.9753461565389077,0.439408315819404,4.631126367166995,-0.7974242572538902,-7.22136878755749,-2.3648169636450267,0.04322853455398801,-3.5829259037811836,-1.36458356256585
5.321434313481161,-3.315812282612846,-2.3928876593557504,-1.4750240727893333,1.5010976411524402,0.6694811921446282,-0.6969195765528473,-1.0200818975897143,5.704866940046413,-0.7309439769439958,-7.061994860593743,-0.8773889990408856,-0.5066516856529979,-2.4151498816086114,-1.8210976758234958
3.183035950817706,-0.9607718357920252,-4.7769070542583165,-1.5562137442582855,-0.6550325790092105,-1.5503244438586299,1.5604754870868547,0.7135659291355411,4.357068448322728,1.5183098208531574,-7.149827847902666,-4.045187739571617,1.085828781947499,-4.224162341621526,-0.6225226766963714
1.9668025134736717,-2.434576386485693,-4.051769807679945,0.04294517163094724,0.3808849767416266,-2.4155304233635784,2.8449517730674945,-0.800581356824369,4.382333695130915,-1.265105122000334,-2.901949862624649,-0.4652066138119162,1.8557147891113814,-1.475658064967572,-3.1230042473810213
3.07605680265743,-1.5321300044340225,-3.663930280418132,-1.3684837374592216,0.11598734732063037,-1.3895411404820295,0.8595771224965334,1.0599444786830658,5.3179624971608925,-0.5162760929746909,-6.356058458299435,-1.8347087562019355,1.0803786166064446,-2.7031052665173525,-1.9609374186651485
5.278660165671157,-2.860616393013965,-4.780657733348663,-2.2090057839774264,0.6056719981069917,-0.6762886703222404,-0.6774286876074271,-0.3106650447323327,4.697009406673294,1.0724692717782018,-8.244038023607477,-3.3144589178780786,0.1467303952972706,-3.7451504402187474,-1.277898143157602
3.095272853860437,-5.476073278256402,-2.616883861329656,-0.3976626426648078,1.2113733036807983,-2.6100801495756114,1.2526672173938183,2.0976094241264174,5.81653752885296,-2.7448459296502086,-4.149758974090197,-0.8346865628611355,0.7600123781160341,-2.2727477381701346,-3.572672244063079
2.010682945075089,0.5383932568110255,-4.730818728247487,-1.885551060153609,-0.5213633757144372,-1.3291013301353949,2.6897100902612063,-0.2024920170504192,3.1323817510121392,0.35974966340835435,-1.913880815826479,-2.982736456378512,1.5540144549654284,-0.9338887176235084,-1.8157052030869982
2.121414743933287,-3.3577779478154257,-3.5818936920275073,-0.6773289605279752,0.37617485828689645,-1.4985166156960683,2.6247799903553215,0.2518780545976087,3.782028516728225,-0.8843574647098312,-2.2321034943963878,-0.38835368188426034,1.688807981885574,-0.8735751332861561,-3.4212990605426246
3.1236992787407862,-4.34776824792385,-3.8397166612331537,-0.6736480733842121,0.2620318687676763,-2.4993128172934145,1.8903918651494451,1.0285666602103143,5.406366524281313,-1.6456317597341639,-5.471385936145215,-1.980197897741586,1.2396254143632497,-2.5139740868104186,-3.1457124925855817
3.1052220929818324,-1.1822190292033141,-5.31105772110917,-1.821513492592571,-0.16939501779149224,0.34839703624891416,0.5005547721180171,-1.0759549900489183,4.454646345625764,0.46720753604425047,-4.0310453929957415,-2.932438572998798,0.7021885376804013,-3.3007670591224025,-1.1451339324150238
4.500628054812749,-5.949420124124688,-3.605489380971809,-0.4520700260222823,0.8577239947999377,-2.478354333248734,0.7145344496433448,2.119102420157852,5.910958175033522,-3.5661039558564127,-6.244822689817329,-0.9289270066515816,0.707955670387456,-3.2188809477706926,-2.8265409654246807
6.7955333824527795,-5.489793923882981,-4.657738991777041,-1.6606420463919773,0.8078928013229407,0.38658799651881415,-0.9425360586642864,-1.521101134296698,4.482168927780274,-1.1742299746186964,-5.893965980985321,-3.2454401519078617,0.05842666047836831,-3.865603472755129,-1.8259187902887217
2.945270718845495,-1.7604098200959581,-3.8886948282000353,-1.2090189831783185,0.5697592275574079,1.2987497021793368,0.6296755400204865,-1.72831947678249,2.834394832518896,-0.625003330901945,0.18820304376305685,-1.5738559046364409,0.9011090111062251,-0.34982765651721026,-2.1899404448966435
3.8801757078295496,-2.5204864517471512,-4.9085861894934935,-1.425280239044204,-0.035602781593365385,-0.10325531937664412,1.2531106050036411,-0.40692035218865,3.815338623844865,-0.09387638383402241,-3.0121199734681556,-3.175705316452193,1.0141931535187363,-2.7215206767532574,-1.7267169812089702
5.104991734254645,-4.326134952238911,-4.574320465020073,-2.1331354246298266,0.4940869649441278,-1.4222173661689634,-0.41343125772920053,1.0261035577200834,6.138236437252475,0.16588015232665398,-8.819664605893614,-2.248904876075408,-0.07137885016495127,-4.6662612941485815,-1.4526962006067001
5.4732111539849555,-4.705162768766306,-4.594542276840225,-1.7192025888453422,0.7226105228866826,0.5880280283280823,-1.3888011785177325,0.4904064181147148,4.83208626453368,-1.2448406194130506,-7.46985912925517,-3.0434791107316954,0.07021469767566368,-3.1526644236967982,-1.109233626331757
4.50002137123848,-4.633621664908558,-5.042811595934802,-1.3514517127787415,0.2765387125303833,-1.233337081103764,1.793021978790709,-0.45271250802943186,3.4995649244889058,-0.9353193015995684,-3.8861180157347754,-2.7919221513093255,1.9506725661449713,-3.186695227159281,-2.0708987917692108
2.6373613906245095,-1.8694088109342413,-3.791043058732804,-1.0924737737231818,0.19059650220435553,-1.2433897779605745,2.2752812456663714,-0.02283688846097047,3.3737368101300707,-1.0353620606544953,-1.6055748931643632,-1.8265995461158249,1.7030843832337834,-1.551262113568045,-2.7183969145042037
2.325031605356301,-2.249792997698577,-1.9100286100345927,-0.1271956606324216,1.6663208501820217,0.23587448637001418,0.5513257103055015,-2.3973453788393853,5.135357186568781,-2.8490175876280084,-0.2757295808160811,-0.8214295296831124,0.5357757035976612,0.7536949537017041,-4.202819035644937
5.036496235030167,-3.403494642430676,-4.028635881664228,-1.929119309425224,0.529392828999675,0.9643067007013548,-0.21106452328476344,-1.844374720957206,3.2978573913483,-0.3546367442665428,-4.093885636118991,-2.5081662554777253,0.6001404932410432,-2.3489153328168113,-1.2388353502712224
6.127180429758804,-4.444644923828722,-5.5067886413349605,-2.656369854117642,-0.1866417356836183,-0.8195641306496375,-0.05561614664997716,0.6477518210085038,4.27011728236786,-0.43988274178981684,-8.210003617383926,-3.590828412746892,0.626351581563522,-4.258973586341626,-0.7659187810999488
3.9311199578210365,-0.6854601347622404,-5.872309212542454,-1.8320519678180682,-0.20635636070460495,-0.6590839910164293,0.7826165893312514,-0.9454486164615916,3.90676303288247,1.162551888063049,-5.288703542738859,-4.098829199796089,0.7491634710383789,-3.133334389568923,-1.0263126977950934
5.485075502479529,-4.997994619473774,-3.983069852067365,-1.8541447190245481,1.1792292823016672,-0.3059249012001992,-1.0959873742778408,0.13455551677277014,5.237110761688548,-0.6950516458966164,-6.754618225837525,-2.163525401158023,0.4079641348996288,-3.922350582730818,-1.9590196633782109
4.456574443640803,-3.2657689179661658,-4.396439392695686,-1.4168333677802123,0.6172597200317511,-2.1317531301995087,-0.4656679727714095,1.4318839636227945,6.191963218241897,-0.3155145907024658,-7.891675602789103,-2.11763608803595,0.2577838188864384,-3.7895864142667843,-1.6078523881743758
1.7408586901054361,-3.575186933609999,-3.9947491010593477,-0.2897847245529298,0.48354736920554864,-2.8579997206199494,1.853490550191753,2.512555008754901,6.5778277663930425,-0.8815068895063859,-5.7122054770387205,-0.16673002262383418,0.5152512202954608,-3.0799486001884153,-2.6128435118456106
4.700235744730547,-2.16825705258547,-5.418808644886807,-1.721088103725313,-0.11665808019130819,-1.0968284366489014,0.8096508252191709,1.0632644004063314,4.580346279101029,0.9692335594251844,-6.649551092531261,-3.478284675466231,1.1167070249242743,-4.160084169575361,-0.9208756224998673
0.8554508682388984,-0.4168095115509516,-3.890267420219548,-0.38145985725167075,0.5515639162890416,-0.8743964121709575,1.9554720664788157,-0.5614881762622893,5.120480978464863,-0.477814747985313,-3.5040404126267335,-1.0307206815541725,1.685657157235375,-0.528836347103415,-3.4284209911039545
3.2506796760847094,-4.130899214556512,-2.811470008414193,0.02402946919345572,1.1032268339349613,-1.9654067857081605,1.4681777570246843,0.043864744305911835,5.1793650271240175,-2.97180262064145,-4.856649208157954,-1.059888852821673,0.5657202298143227,-1.6836090278256908,-3.731559115344714
3.741669598688963,-4.184796551228869,-4.843318300035275,-1.6628307569508225,0.47459001811267354,-0.3067914476046527,1.3534869520589616,-1.0435986412972231,2.617410023241084,-1.2686091455392732,-2.8185421927827736,-3.146185832280474,1.3177697988519281,-2.267845085933864,-2.2634373570668904
3.2985379836914244,0.11276930864582413,-4.8353561582382545,-1.6508622715675068,-0.13747834063084585,-0.5640222221369341,0.02661826620998009,-0.319596980800788,4.8650490716198025,0.5023749784389178,-7.124196157966727,-2.599571198854586,0.24660609602640204,-2.4250877600150313,-0.677781171670583
1.8212590501441712,-1.154846782285469,-2.472927566070089,-0.5983233147751668,-0.08210197586325002,-1.9868855112659602,2.411643229871312,0.2233052168232657,5.210263100818335,-0.6156419128469659,-2.157349559105334,-0.5385049947086207,1.0084318788870437,-1.6688976241723172,-2.504108201630834
1.2794730261001104,-1.6208693138689707,-4.213540724461162,-0.6162595092119426,0.01217121080198097,-2.6076588262987617,2.4029823950143125,0.1531330846093393,4.525874324752413,-0.4953685274431077,-1.889072645398413,-1.029403809866897,1.3559979165901237,-1.4449688235375733,-2.727817962646271
2.498953825924155,-2.3611587877730686,-3.423216050143645,-0.6961057126355499,0.3466424293058389,-1.7196514783686792,1.9767602030768714,-0.10302482112982056,4.075796195738516,-0.9392115357028066,-1.4457521653127423,-1.7388793565247638,1.3745676690946511,-1.1819472968193958,-2.5927743933351426
1.5892881475705165,-1.7772879428236203,-4.555265498504134,-0.6497237154929754,0.4878879786835092,-2.4028522330327418,2.9039686536419143,0.8066023245399655,4.654566842113166,-2.4731330263693874,-2.960473474824961,-1.265144041036096,1.586479670539489,-1.714498038300946,-2.5735802729963253
3.142108549966343,-2.7133548466314115,-4.867310840966411,-1.4762655812818035,-0.5224260395671524,-0.6322102691048271,3.3896100960889317,-2.700839873923268,1.2645296491316889,-0.42334496710742814,-0.6248382052397252,-2.79732820042379,2.282390087362201,-1.5662940432474919,-1.8939308664038115
3.599417542709396,-5.072906011509065,-4.313966305836927,-0.810678426457372,0.555999311128851,-2.973986605574904,1.982963980447102,0.8586040685164491,4.352851704962465,-1.566825169122699,-4.7392907633558945,-1.2344035563523963,1.151134352258349,-2.3975993538870237,-3.194507553914147
4.949806477195076,-3.7886007576043736,-5.505438043381148,-1.8446566219708238,0.2451317191743091,-1.1552998964879018,0.6024288358846184,2.4078600418678198,5.5254449194018305,-0.1512256806333897,-8.945586051520017,-2.343362020552178,0.45358442896494333,-4.0976914554885,-1.53362434510293
4.5720859589537035,-3.1539142640717643,-4.165480814240029,-2.0166062087559027,0.4626831119619985,0.44433824928195853,-1.1047222474834086,-0.839509076109534,3.8982439658250696,-0.09311413464798379,-5.512743396371656,-3.5173902910152046,0.43185573669669264,-3.217667854891426,-1.7157171094104222
5.402566043905814,-5.118031451611691,-2.3339094112053647,-1.1886601148650098,0.9272291793780763,-0.4640558760525135,-0.9654821025881803,-0.709765391664152,5.263000131286495,-2.113010564311073,-5.674719870320981,-1.432383430521278,-0.09042850908023659,-2.623298573339979,-2.5156780885415615
1.474496853178612,-0.6621587519782888,-4.150296303512357,-1.0140030608031751,-0.6949047772773149,-1.9513392477930351,2.929717599575719,0.3490147022538254,4.286049297886328,0.07866713189007568,-3.4214253842959206,-2.095406532163481,1.7557587799577847,-2.4037575729286917,-2.7283485792732085
3.4777026411001053,-3.191902421903834,-4.11230157981867,-1.2967595958269058,-0.05282900211842356,-1.8787871120813517,3.0763871302174084,-0.5938235207921896,3.3838104514440945,-1.52769414669337,-1.9192922593990716,-2.1764253397992848,2.085000015435412,-2.5511805925803093,-2.9539237085296843
1.765333596324983,-2.290906009256949,-3.2892046938213424,-0.8587299395360801,0.7618740654192115,-0.1653472871610182,0.7326203310540031,-1.0785836054322608,4.340454399079695,-1.6365241569379578,-0.8131581188733783,-1.389574165884258,0.513454893031906,0.309601731828526,-2.9527847444126616
4.643396549022728,-2.779428342505444,-4.923368997162469,-1.523722129992716,0.09372564260036984,0.13745237185663917,1.4109567685588926,-2.2442163203398304,2.7098716879087714,-0.08562978334040139,-3.741223681152706,-3.112457006648395,1.0089689077345145,-2.1790387456543314,-2.316036317410145
2.812897172340252,-3.6913805195632614,-4.091716366819048,-0.8228285566365396,0.1547845098787695,-3.239969896484468,3.4126267885270134,1.8834583645554441,3.608060803754901,-2.4235835221387454,-1.579008642727136,-2.118096459589391,1.821052046323019,-2.3655671936121294,-3.229828468807848
5.662279972033394,-3.1032525270490345,-4.4393358087053345,-2.2979716848579717,0.17410213818199058,0.05708081421570088,-0.8200478127779101,-0.20698257230298284,4.5235383382324255,-0.03505878341680624,-7.38615648737988,-2.538342767135949,0.3356507413053933,-3.510793811171017,-1.018930607738312
3.4003321391683503,-3.4965546572620867,-4.4511623363632875,-1.3986231878428406,0.4914647994724709,-0.35020928141346996,0.9919244667107798,-0.1716300594162345,4.2654724798188095,-1.818574535825014,-4.2333304019722995,-1.9570756019861035,0.815950515542277,-1.38392268010053,-1.8953751731519364
2.3020898742289595,-3.311385434430836,-4.897979331422409,-0.7133107299194336,-0.27134505278707455,-3.128112643685734,3.6053680845632643,0.42020241025170135,4.527580683829306,-1.0870294957703321,-3.8169816826258867,-1.7587447593592154,2.0729423396386197,-2.108818914497956,-2.783290806250329
0.906107902854187,0.0331594552920258,-3.220106716213059,-0.42866526837073193,1.1218147770094538,0.03329014246297879,1.3416973668457015,-0.1254280645349499,6.133791047307099,-0.9857402524920297,-1.6634315446019685,0.6915874192232656,0.6844370723708233,0.16270084146329022,-3.532227661964834
2.6635056611906314,-4.168314571534271,-3.0047136651180093,-0.6362771694163625,0.7583532366009278,-1.2979630303700644,2.2314426118167496,-1.265078509350633,3.6747587459410394,-1.4221668487063623,0.5102231286812788,-0.7869757287028027,1.4550399930896338,-0.07581221629877755,-3.105584159472114
3.5024226103067155,-4.822597978564516,-4.678360612305483,-0.3601229667000857,1.3827987451314365,-2.6271604271087607,0.5092841269126758,1.8671142256779008,5.92255592217568,-2.2814623642506446,-5.968209941747381,-0.7911252293355173,0.6322922061865878,-3.3291337713248974,-3.10022352921048
2.2283662344649917,-1.3135755167234613,-4.984784546972222,-1.1752101704401319,-0.5053692044969,-1.1171485164458002,2.6972606374850105,-2.596420380246212,2.4686045874170612,-0.13345113214875892,-1.3185951924934587,-2.5812165180200344,1.9829690335707197,-1.9843824698178292,-1.5022032262421487
2.9309939660181823,-4.039340905769089,-3.3418088674181043,-1.2558709331604356,0.16326245754104837,-1.9671931069397006,2.7851601047801324,-0.11611979623572541,3.8562540428982617,-1.961881044513492,-2.363716260622506,-2.1598596757460142,1.6036941587498932,-1.89310585747933,-2.2966498981926686
4.807163046215672,-3.299420324091866,-4.894468313158121,-2.0561820269503377,0.16632131463945457,-1.9332864366499236,-0.1975289390665933,1.8275038997384776,5.709165170827676,-0.5981479226091857,-10.408401126088044,-2.676616541515291,0.3162168334628169,-4.9447606433733835,-1.1009428685102323
4.011756458728258,-3.4881951797176876,-3.2567393395240236,-1.4496801144258786,0.47642272130684665,-1.3572554279432527,-0.7626009843433428,0.3125002190720822,6.5565278352267615,-0.36273339655289627,-8.342159490396664,-2.3770311026540525,-0.17123875687644685,-4.337750753070836,-2.408908526684748
2.0034563788885142,-2.747275773824643,-3.4779435872978657,-1.0125951889052371,0.5090581921928858,-2.118774279201959,3.163796373427533,0.34456340816394965,4.752726989424555,-2.1338530171055856,-1.7482824242614248,-1.5372377582666203,1.2462878570317357,-2.0672536671226336,-3.007501346831388
2.4844459862473354,-1.7585221797479718,-5.228071910291762,-1.5695696150489153,0.33607565865843547,-0.3336235482277162,1.7408760768222602,-0.9880409870548958,3.474289084288152,-0.6071951695668727,-1.2156248935366336,-1.656509949985976,1.3109254676078737,-1.2492878659800513,-2.3291062512707055
2.1466285251893007,-3.2287436747864326,-3.716976032245168,-0.4089662394899912,0.21867554152117796,-1.7929075085071426,2.4859003743033323,-0.13727358625042335,4.032678987786394,-1.692138805497436,-2.5244078191987196,-0.7124229281358374,1.4665196969064325,-0.6714283551361,-3.370535532293208
3.992353085621307,-1.0629998758458226,-5.083646670911411,-1.4189756134744793,-0.189644662093841,-0.09469937862570466,0.8471691288059153,-0.06866352207787743,3.0717234136517044,-0.09015389226986714,-4.945536741351423,-3.210436387544114,1.0187157784055174,-2.7073451662190564,-0.8451805021396543
3.9430050053423598,-6.540519374054362,-4.590505588660092,-0.033414597134731716,1.0780307703331133,-2.9782591390810937,1.3295227460223673,1.597958241842595,5.752602379870247,-2.8106535586131134,-4.865661810045442,0.06667253818538521,0.91057333769311,-3.425493026745394,-3.7544757409631764
2.7501346665182855,-2.509233680340812,-3.743127105636537,-0.4767339574104682,0.4956204568427296,-2.7068897016339557,1.6741498342020174,1.4283407087016415,6.630602620945067,-1.4869014400787282,-5.761449679161922,-0.7568617347429629,1.108047706399903,-2.081437053845813,-2.839032122007074
3.97666118537549,-4.896632781247229,-4.354748165992293,-0.5967985290098093,0.8038717528237612,-3.3667182236696855,1.3223494838357286,1.62104272260469,5.7586235706098154,-1.151028789573496,-6.121910009397531,-0.6204296666350226,1.0013398156090298,-3.3368101217243296,-3.2430356576844384
5.855382561282516,-4.11379051907567,-6.032203832343887,-2.3165890972992975,-0.049499057468476715,-0.2515018705592953,0.1041065545930886,-0.3269481527492922,3.5903491920258044,-0.028798448522569187,-8.601126918273792,-3.9129380211917173,1.0682463457201774,-4.979023650703927,-1.023756969868956
1.7575725036131118,-1.6142167827129272,-2.860445740725309,-0.5213289361943932,1.1123619003950616,-0.833114237261431,1.7186637829506908,0.02702476712653704,5.353371450210698,-1.9783741561886403,-1.4174515901878482,-0.1589196941669433,0.7711278614698525,-0.945428698155546,-3.3672177347549015
2.2251406043003294,-0.46918889435322564,-4.561054108742443,-1.4921937111363792,-0.46598581317837917,-1.03643585060877,1.9594341844635004,-0.5687428486125836,3.2326800693375954,0.17170828850093844,-1.162669855738916,-2.9070305627038135,1.4658645568437123,-0.6618863925797749,-1.8836919537570795
5.405980618943561,-1.6477641372918461,-5.715304417913642,-2.1787578404539794,0.03533728945756598,-0.05624974630917601,-0.7563539067206024,1.867998001300112,4.477343862886215,0.7290231805526362,-7.666441066059257,-3.1761971507627127,0.26708716904659724,-4.5020979112129975,-0.9385775234524831
2.0630715824390906,-2.198147392479985,-3.449396188155797,-0.06823495354555797,0.5281653351242739,-1.9372187474018294,2.3072926598203862,-0.33278051058151603,4.2972925058626785,-1.3677925561531035,-1.9685864869851253,-1.5173219046091497,1.2511376693582448,-1.9149858432736862,-3.1096478890094335
0.5829346523563235,-1.6573690474586211,-4.913542564226262,-1.0080047247740063,-0.29146100427294686,-3.6251791935204905,3.4987164329318348,1.4704881924306243,5.304488682354951,-0.6038971113274116,-4.531569514182643,-1.1517506693968134,2.093118708704801,-2.7176053132553584,-2.077598451366726
1.7331412334936542,-2.028846586280567,-3.271380126359487,-0.15023484562969303,0.6294817480155217,-1.1894281558786763,2.189646269723836,-0.436044256221805,3.8930157748048946,-1.4396577129665067,-1.665115813747354,-1.2510400462549236,1.858287390536809,-0.887422164385282,-3.288715335125538
4.361025458683311,-3.6996628058628014,-5.72137308398929,-1.7509414350099601,-0.10334842284307666,-1.394444427742255,2.1133756879068057,0.27054162747447885,2.719457082570178,-0.43139586039251837,-1.8184497489064828,-2.9487029068548924,1.78774074783595,-3.5309323323393063,-1.6477660414597115
1.3298289861009311,-0.3164516669562114,-3.105072569398038,-0.17617841689695224,-0.17553543982187547,-2.600389763733817,2.7054778134972732,-0.13185291739477023,5.196347435816731,-0.6116445697821676,-2.1482811369812103,-0.8663037694536508,1.6872833761571289,-2.124987483765266,-2.840458526402383
1.0236613048529954,-2.4160298128493047,-3.113058070036929,-0.5822356041538239,0.5626388903023625,-1.353858149547468,2.1951898609782914,0.2610642523589929,4.613179925737809,-2.036058011898601,-1.7475714831152467,-1.1080471155772327,1.1984292905182001,-0.21214966324131668,-3.462413497897038
2.0098654019155093,-2.466210154695742,-4.110980069283101,-0.7781855684983889,0.03385140601792541,-4.435665996553253,2.183338007631697,3.274590617536405,7.2186542637694355,0.05264641143507576,-8.181553732616646,-1.4515890792575457,1.7733169170564946,-4.263410122060994,-1.7212643431483452
4.62672914808629,-3.841772296217302,-4.583842819264911,-1.566624863519222,-0.19107132307431163,-0.4730351419565403,1.5995317758803242,-0.27961062547419435,2.6614305666863487,0.0986299273229092,-2.7578170148538113,-3.375085187560122,1.7760041267304159,-2.2089657431318055,-2.032794050531228
2.843956438387797,-1.147793901973707,-4.757006656802703,-1.452139899097407,0.060228901254145095,-0.45265917182197113,1.606598490917552,-1.4688514476776025,3.931084618333679,0.5394080093629505,-5.0700619793149135,-3.0031855039743043,0.9205924846084795,-2.6455847929416394,-1.041536044193811
3.085380039422765,-3.664343891586963,-2.9790863066337865,-0.18745994065451843,0.8550437496465386,-1.0526099390130768,2.148568503422858,0.3591773290595581,4.545046474372491,-2.68775361273046,-0.3982470961345128,-0.41091026854715995,1.3616528853260512,-0.06974854007121989,-3.4100360829802643
5.1362325781770615,-2.7951665272640938,-5.664304177519322,-1.9325677346885892,0.23827308370372235,-0.2798071177699666,-0.5001374470728062,0.27363013468062136,4.862280838588112,-0.014244526809050306,-7.633246963999772,-2.5500483321827754,-0.01667832232286548,-3.8661861472924963,-0.9528305089997815
1.2389959261289132,-1.8473615408453208,-3.946905213813121,-0.5285779524647515,0.261510797628118,-1.8190639274363885,2.8074860059282045,-0.04411451220106656,4.96471012002099,-0.2925165936947036,-2.792897195237626,-0.3360883362807765,1.2903485723414148,-0.7084429960137759,-2.662197055232734
3.0180217628180404,-4.247222389608041,-4.1905084733439,-0.5085771113341149,0.8853735668068321,-3.384489333539189,1.8857228678313849,1.7040740502517189,6.495541410263056,-1.290758261997692,-6.169151151821386,-1.1337232902638512,1.1846833476972605,-2.45288674862422,-2.8147978065265984
3.331456783475749,-5.629269942662381,-5.031089569962561,-0.7715419831026642,0.5601602997442282,-3.128081508666031,3.0720159702460785,-0.27477712189783243,2.7410450758979037,-2.231187656152019,-0.6454962682446581,-1.3172262145317046,1.8819003176955844,-1.350020044070671,-3.353934300944534
2.9500122853197532,-3.2050305596116613,-5.3253686042744715,-1.1553011823233146,-0.40087912020685634,-2.7850068214275883,3.630052559944945,-0.5788904537415447,2.4098999859962253,-0.1391188841561074,-0.872787422258142,-3.164295616739934,2.580340971841663,-1.9378863083198234,-2.4513211491195968
2.2836575696146832,-1.454687617716205,-3.8141976864084977,-0.937120855614938,0.6056472903304908,-1.7117837406830796,1.8368331740448145,-0.2263951586100959,4.89627386351381,-1.4151333980048273,-2.8198236034351476,-1.1876907816637585,1.3865503608903755,-0.4092172096665587,-3.2464766421573312
4.31792996798337,-6.486907206587306,-2.8327463194951665,-0.7943602792564775,1.101727872393739,-2.6662688965930172,1.1354304867417269,1.3593040268911794,5.938388095481791,-2.789364160892614,-6.00279116243375,-0.36237043122008616,0.8227972300294082,-2.102481823574823,-3.800048426543592
0.3683916678797261,-1.1168039087229262,-4.205169039067114,-0.6257338273008286,-0.5873278581680282,-4.661913289288194,4.524349938436766,1.5251575712058996,4.916186257616736,0.13942438826641057,-5.477856625830518,-1.255531459506535,2.211776769951233,-2.9771519573835503,-2.0778509585737885
1.1507611442246612,-1.2861278306743897,-3.6862314657625124,-0.7296748300922598,0.39866290722548475,-1.5352906798224804,2.524376594729735,0.4315292049875129,5.669510629676493,-0.8634173609544925,-3.1633881665505337,-0.7942899136061303,1.0307642391000398,-1.3103559740152262,-3.0487091837546405
3.9330106179760698,-5.391328538308071,-2.9525753655668354,-0.834565422908508,1.2353970489617176,-1.986150418141992,1.4319910377216303,1.1531020712117521,4.995683642973957,-2.455833873980823,-2.327924492879374,-1.184503141316363,0.849487016006514,-2.127151713116941,-3.637206383513596
3.72947182012714,-5.811057791395584,-3.9099467900238016,-0.4662229966632464,1.0996765200264047,-1.8990622685789922,1.5160107031135885,0.6901563441434836,4.2878739287609955,-2.879064479136798,-4.784212878662164,-1.5637213534032177,0.9159721464058466,-1.9633574094131088,-3.688270944799833
2.9304785463839678,-4.762361281218876,-3.419636600074072,-0.3039009057231453,0.7778355560515217,-1.1138028075400987,2.044501816057603,-1.333451674572345,3.0349344488923604,-2.757877191933888,0.3097194855429324,-0.4886787828565662,1.81942810489843,-0.7683247332760748,-3.338783524765107
3.1137288027790135,-1.8034705896207415,-4.401779510074129,-1.48835433821766,-0.5659809641554266,-1.3167199053453724,1.6601349659622855,0.21047008101977235,4.162449722904206,0.054479017497981674,-4.692409069880326,-2.7883023773651625,1.2760812743298522,-3.072322907648223,-1.813658748449899
2.3224218082121952,-3.3039765293222776,-3.5359570315514484,-1.0890356755100026,0.3466712082210482,-0.7726459997628663,2.1335417588635286,-1.448553076815806,3.7171717263095423,-0.46784051271868987,-0.5440205602528545,-1.1944585527980287,1.419606386556748,-1.524635992542333,-2.474628253969399
5.534141364821369,-4.713859414827567,-4.977089818233439,-1.739820342116945,0.5831036014703247,-1.3230793141224422,0.00723004767898261,0.6796013860079628,4.641629122397762,-0.0677221122592494,-6.877329504002589,-2.4279851939779835,0.228985132772625,-4.7377913793387565,-1.6609755674235442
5.961324545805486,-4.716474204978852,-4.771592411396415,-1.8523914516350843,0.5927173240019663,-0.7662245721282395,-1.010918930204312,0.9221233536488697,5.237225359464344,-0.2558631816300546,-8.099765288157254,-3.16372266004079,0.16977101262632777,-3.9614650982599344,-1.2905134664158386
3.2665993014942183,-1.3955756567854323,-5.218266123282954,-1.4466355255309717,0.011958368443729273,-1.7958803864330024,1.6650678292043242,0.40876000864536277,4.230863978647352,-0.08390005478322748,-5.152928015930776,-2.0096036395379127,1.2089299635462758,-2.962575348656081,-1.7057246694990666
1.6071513022720063,-1.2862671943566737,-2.9767228696207884,-0.5396487049502501,0.9410487419204407,0.09809913405667059,1.6013681593033677,-0.8520534314773347,4.658438882692176,-1.6825573787554668,-1.3834763260499598,-0.843027808151962,0.9328770174012235,-0.12280268389126414,-2.646473563669808
4.128433776781402,-4.00804559840822,-2.9021487812202187,-0.927732043281208,0.6955906916034189,-0.1417177163440495,0.20961925764890355,-0.6577837431000061,4.48071107194818,-0.22372664424853594,-3.9256416361042024,-1.5442166618510103,0.24064146861212232,-2.151663651700103,-2.1157829740762746
3.210418191189143,-5.307503326084278,-4.146400312563898,-0.44346231699339056,-0.4020929690696037,-1.112932041708292,1.960376315352368,0.19575680347803354,2.8534760517704765,-2.273713273153829,-1.1901858726786667,-1.7314166763458492,1.9487934802792308,-1.5366959457418101,-2.6352528433257953
2.1933366085155477,0.06860464718561099,-3.7614742371256864,-1.2424419438023044,-0.7237185900890355,-1.0477759329577774,0.8136581734718098,-1.1827008990771886,4.198886237926407,1.0806242182419294,-5.710859889820107,-2.5780286902700023,1.1009711386240575,-3.1174359629319532,-1.2101629043627662
4.8402968485679025,-3.458279347716908,-5.251472142819507,-2.109558903554556,-0.003834792713373003,-0.4433424329382868,-0.1283167084921646,0.41413041118095895,4.228776335132418,0.4121695745392322,-7.385068732564211,-3.746131622500494,0.5824428432065696,-4.2507423344929,-1.0629741454812405
3.17077455251241,-2.885314205017657,-3.9575006121442016,-0.8806637272691014,0.34613034476759047,-0.9936902941319101,1.8958854554456912,-0.9863935451431352,3.58273668638455,-1.7680115667299465,0.12179877456908095,-1.8066778423038887,1.1453811382980457,-1.258866597773307,-3.3304812696202717
4.480541046985794,-5.0262017742701115,-3.6965892163560063,-0.9878142250288561,1.173650299010042,-3.481883474494299,1.6114282405162816,2.81165176863227,6.041032448277214,-1.2094851431158005,-6.292187620458778,-1.3215208007136734,0.9649429277316959,-4.3100623352692065,-3.229388020173111
6.066643804258575,-3.5173961455027376,-4.737440664597107,-2.305204126140187,0.32964072091512425,0.8210377047484658,-0.4143163450820875,-0.617628426921476,3.195080009887627,0.21034382053162304,-7.834199179689003,-3.2076628157185847,1.1285071348677016,-4.061288705445584,-1.3485128848034234
3.03230507060255,-3.8413717350994165,-2.6028468457444403,-0.34719816534706327,1.063710925108336,-1.3431189242644268,1.0449325263337421,2.2667932441677956,5.809072611104675,-1.8983784374378438,-5.1004972303877585,-0.8579209570648934,0.9452660706788609,-2.2684320738864754,-3.937314984915143
3.318030179362865,0.257633043030677,-3.9331353416710098,-1.6067863289662516,-0.11616975344671343,1.3108412708727122,-0.2201016798342894,-2.4986266358354197,4.67694854067221,0.8284947384550776,-3.6993155385455685,-2.264329697646747,0.4353825538987992,-1.6621765064853165,-1.1433291855492962
2.3492869717527114,-1.7720865698339359,-5.57122557860893,-1.6039130693399581,-0.4150034830891749,-1.540706668173918,2.037632824577223,1.2244069107077298,3.8450476560480165,0.85826047758859,-5.93406038813167,-3.120612531887671,1.3868338230205073,-4.952893791888754,-0.4715395574827794
5.554303686107784,-3.8278121643018,-4.339644798688194,-2.2725956559816476,-0.1436598141580474,-1.0777571439804359,0.6847806323650704,0.4748542274108563,3.892932472216742,0.9737867231071482,-7.440290415190005,-3.7848927139505113,1.1259303850772697,-3.716758959163655,-0.7807616300654856
1.984595636223948,-1.0738427097073457,-3.6530033073824777,-1.0894565483406342,-0.22004852861174573,-1.9978329515654327,2.1574999622411486,-0.4857418062447346,3.796262444374497,0.4470792179296257,-2.001080042181659,-2.4368589218580796,1.402458599287366,-1.2723040911363044,-1.8259031330925999
1.2778020533707761,-1.8126708315957483,-3.5849039639265055,-0.7798399354975646,0.030043027542322964,-2.249739171356889,3.3443080160118166,0.3909086134572723,4.840772598020377,-1.0773024632775183,-3.4146394146383345,-1.0636157778225575,2.014880745421913,-2.12416864757433,-2.835256692123596
0.2268427100818755,2.3556962535007666,-6.163166588837846,-1.8520635144043864,-1.13099152714341,-2.177974748093342,3.4533531017501566,1.2357627528171533,4.013414643277058,2.2327837872154506,-4.2129405498489785,-3.679558479764692,2.045412377836672,-3.409986650491259,-0.547088905489032
6.443797382269369,-5.265926957815223,-4.543588165393778,-2.5325432640293117,0.7950773177584088,1.4988868207840924,-0.33848580363523206,-1.5658748541339658,2.7835901335895725,-1.5285489044216383,-5.185293044941267,-3.129896415878778,0.24593447023488846,-3.017439895449285,-2.273331794670454
4.74274515747158,-3.2984191966690055,-4.5987865411137285,-2.015568801286851,-0.011432504923107212,0.2974866142383965,0.7215121097174039,-1.015114826533318,3.1529566857672346,-0.12796383808798917,-2.4877112072096423,-2.406279482266718,1.2255009479978738,-2.1696960559314955,-1.386964333715523
5.779709019124011,-3.0834485310736803,-5.65827047795547,-2.264759710791874,0.10556576155756894,0.7378884035943041,-0.3347394482827881,-0.10828830059661346,3.746827959604842,0.5342407522872772,-5.101049436562356,-3.8753457206114,0.7549266899120558,-3.6172635373135584,-1.6876887329302837
6.218746715387454,-4.656487067071638,-4.097312944652205,-1.2721248371703249,0.8192574944112783,0.6198892211731442,-0.9080338379631869,0.08625167417828365,4.158332667942452,-0.4732728420593655,-7.894570485459182,-2.9938178166009197,0.5315769540926769,-3.406545932359663,-1.4592542672832431
5.411973572721917,-3.325621614238356,-4.580886922721383,-1.7517617989445133,0.6352335754373966,1.1135217570761662,-0.11025445096536313,-0.6522219143794112,3.2535437800758986,0.22226780856734685,-4.382718633136561,-2.429509165918088,0.7452431827156613,-2.9185395668720022,-1.3821678185470228
3.462367455551705,-3.8071788016480115,-2.97807767188506,-0.26851550552045533,1.1513990136869765,-2.3705238872236283,1.2293730507647995,0.9994769355125388,6.563674045358548,-2.522094240410288,-4.615058051467508,-0.8228273258002217,0.946860956077299,-1.525404641397531,-3.0501857696117534
5.673393816775398,-3.2696652744914294,-4.189733901705901,-1.6968573322079323,0.790865434883212,0.8619313169457281,-1.4144666118918812,-0.3716946054025321,4.607248292862227,-0.42935440156529603,-6.176192054003754,-1.584607316416376,-0.3259691277354264,-3.771810232374582,-1.8107865434573298
1.9287028456338355,-0.9663237771591526,-3.8795009869675376,-0.764028859348496,0.06103274460554564,-1.601914601732426,2.455300615159352,-0.4064046706134793,3.1743234646796914,-1.1534282768175768,-2.281740585028106,-1.5461303347082964,1.636792456946583,-1.204666450852221,-2.943419001712349
3.713963040336712,-4.602435255376131,-6.4271364718087325,-0.7669832751674983,-0.3783827800318693,-1.407133481321818,2.841238121273281,0.08675748932269148,2.81937343520675,-2.8475137310119933,-0.23355404230047716,-3.320930900202365,2.338269209850341,-1.9354154329338553,-2.6147471965156157
4.245201610332754,-2.2309006981239268,-6.057485577431138,-1.5863239407078558,-0.34475725819289904,-1.1255769609307256,1.2431873652797347,-0.07544020860348441,4.05272773366085,0.9475468123495965,-6.222568598346159,-3.5489802055072186,1.127901771578269,-3.1468411219449264,-0.9430584587311506
2.209609653792366,-1.694862319493161,-4.317552347103397,-0.5231796451033728,-0.01944306957468439,-1.7306072803808679,2.176426117733823,-0.37104243563361616,3.5783426590890324,-0.894879595432091,-1.787870450748731,-1.9925613601095202,1.6367546263450334,-2.898492411780299,-2.1346890504696767
2.145450191107729,-3.1018331922430376,-4.144497823801245,-0.731354100061292,-0.34118152699823023,-2.11567571805522,3.3060305598036357,0.011822649139375689,3.341265739136899,-2.1148308071454647,-1.2854219094207742,-0.8925220172376034,1.9672247011640311,-2.1590639041737103,-2.837635771735411
4.550731677340849,-2.707617847731592,-3.5874267450190276,-2.2937639360643596,0.8695473354966026,-0.8534714095508811,-1.2637317192470259,0.4138199007275006,6.1854205086411955,-1.0963160098681446,-7.785668232776719,-1.7166908364471367,-0.020822149506169563,-3.980161702919886,-2.131761766511059
2.652433734815243,-4.430878211498224,-4.624829175757378,-0.8568867801104986,-0.4645897503868296,-4.746496422576808,4.398229215035402,1.9567907612377389,2.9813208786475824,-0.9899188637122214,-2.714900818256207,-2.4648619686090205,2.761813357052767,-4.014197395221717,-2.4852605519361335
3.5758679625881746,-1.138310744615103,-4.134054733968882,-1.3541894844317774,-0.011995658011429988,-1.055425852480934,1.1997291646519308,-0.47176110122126536,4.765438605419971,0.7987322791540614,-4.807750698509176,-2.844227961698277,0.6263789027940334,-2.3657103502255574,-1.8594048857876584
6.372059676536404,-5.600294818711906,-3.0670162772598752,-1.525038211823229,1.1436768284326098,0.5162802480133863,-1.8062417821585202,0.5602977054840933,4.875545408473371,-1.3580943970556034,-6.748889169980476,-2.3855019891484748,-0.15026633699942704,-2.2796311104359015,-2.543653774574348
3.1963316438401237,-3.7229452661867364,-3.504218460615894,-0.2848255775054481,0.593604585551835,-0.351218880092693,2.2563028872186357,-1.9517134445610118,2.485742256217109,-2.517158181866782,-0.8884030623946826,-1.292950518991287,1.6057767220425285,-0.6145008061010344,-3.8425301226873554
3.7484003031693596,-3.667964792907217,-2.063383907350585,-0.9784335182755425,0.6463439369901782,-0.3775620801590537,1.565598833368326,-2.570130462267016,2.7190165262011883,-2.77253964849108,0.9325552957544501,-0.9113264001958898,1.595567662886483,-0.11827755855356603,-3.1938707489506193
2.9982199650173023,-4.8584945404633615,-3.808808252133681,-0.34883577157745616,1.158064703683233,-2.2541183196564956,1.395286189769843,1.6686423913075477,5.663096213396177,-2.446074127266189,-5.002949412427785,-0.9508786202885686,1.3945120276424405,-2.205895228590217,-3.360464389856958
3.7795343777297394,-3.654090554950634,-2.8135470886620095,-0.8787808238647444,0.9637822871076309,-2.2904266021129045,1.0226737633738288,0.670891088093728,6.035399809963807,-1.44251480747979,-6.41115285978179,-1.3946973425337372,0.6221250413364225,-2.9025091349775995,-2.567882140419944
5.330411964254918,-3.67799772101613,-4.242115016042299,-1.5739223657920225,0.4686556802117806,-0.4180995735242965,-0.3781164684848084,1.171835076847717,5.275126658723558,-0.8796318771454968,-7.31765227632531,-1.812416715539998,-0.07904770376151826,-3.264177449909628,-2.0042843327299393
0.8540631350272156,-2.592634251554788,-4.702066691422072,-0.18944714891521686,0.03824583143741955,-3.6799209160338986,4.2850936854190245,1.5400544065349508,5.186784162187519,-0.7874989459248286,-3.8282924651862387,-1.8617405825942563,1.5070284155648241,-2.211637148067978,-2.7176314559989683
4.680329356087991,-3.592238103597793,-4.937169526325631,-1.4253319521211925,0.6361600512603154,-1.6085311891314489,-0.5746998138823942,0.4433027213292234,5.852741579940545,0.5291861347765086,-9.668476530478106,-2.943383657533541,0.18665417502228976,-4.145436006854771,-0.9701133145070855
5.092609347876433,-4.685802859711907,-5.636411550744393,-1.4574167648300738,-0.15397498854362623,-1.6466684553170357,1.2089623212655527,-0.6109470449194256,3.3319968759859426,0.3311268901620177,-5.898800281672764,-3.8246407947543393,0.8631629379842661,-4.47906136452346,-1.047106428871388
4.295369457415034,-6.2382737573900044,-3.1837918001093923,-0.191078158382467,1.1748386249279457,-1.5994898146918808,0.4711821366317761,1.6780715335042142,6.080344556407901,-2.790233807589138,-4.6763353899472495,-0.9309772747209086,0.38473647384615617,-2.2286004431771107,-3.6701236396882795
5.377081656425347,-3.152713768936028,-4.240120241023789,-1.5629064262329067,1.1998852847721837,0.022762906049987652,-1.409606504573925,-0.18622142029477112,5.664894650477421,-1.193683201500951,-7.100724133009921,-2.4919565603586076,0.012979602620685649,-3.613124507932085,-1.9777243872002401
4.957179460340751,-3.0707120035473414,-4.100401897506393,-1.287069688463086,0.5546919630592863,-1.1191227635512293,-0.5422660183263055,1.4120852061182885,5.573795842951974,0.20935348422477928,-8.365680439065965,-2.1848245805664095,0.42009174931532167,-3.942449312066901,-1.9234832902056915
3.121889002167525,-2.351151167256207,-5.082314186726684,-1.1647800730994171,-0.17513052882851465,-0.9027066003809645,2.6423702088978516,0.35601529090794926,2.3504253652445173,-0.9969829644903461,-1.2045868572383593,-3.098516355568231,1.6756307719854995,-1.9277928655406849,-1.8894482449150791
3.2348313522566405,-4.5443528713550085,-2.1959636921287915,0.16257436786749513,1.3773767512471367,-0.5305477055628605,1.572024756635486,-0.48547229342476894,3.551485290185503,-3.1285627871006407,1.1091574111232614,-0.17911354125257306,1.100468077969488,0.45260131855067387,-3.596425340109938
5.222363772443393,-4.858192973572713,-5.037967447286523,-1.9010393168316368,0.5589711910246773,-0.9217350384362072,-0.4347709650231286,0.3759332350024027,5.165688494319606,-1.384180508075898,-7.723857186965286,-1.9845048295371948,0.38612955473415245,-4.18574090672648,-1.799383186807766
4.638806564941317,-3.3419568670538347,-2.7468249610485875,-1.8391529999490568,0.4592111698074247,-0.5098492633321228,-0.27385352877467306,1.311034189242215,4.746933113617084,0.17067711247666284,-7.347151846214363,-2.4539698134394277,-0.07439411989427436,-4.249979086040077,-1.8186745494575791
3.287419774047909,-3.085949377827202,-4.21821500130225,-1.1884110498286184,-0.00997727758809025,-0.44203864822731975,2.300821470220481,-1.1804323858262744,2.568265259426715,-1.9380635241809447,-1.8245014468211678,-2.0474887976558627,1.845100392153743,-1.5569182947781006,-2.0105436295523953
2.142287875354694,-1.3175827868929777,-4.359104634159764,-0.5713532171606593,0.6680216216264789,-0.44598274059006515,1.4984592439256537,-0.789676529745175,2.89561231126226,-0.5411889813400842,-0.006619676275838593,-1.7361488088130599,1.3179497060728989,0.15843032789528788,-1.8609589722660862
5.332256628324517,-3.943404806752523,-4.774893924278075,-1.4914939496137054,0.38783458017715744,-0.22502859164607325,-1.0230770062468069,-0.07908117584429386,5.389077604475186,0.8230699984432241,-8.201193283272564,-2.755747084374932,0.2783438128233362,-3.7663458026682823,-1.1415675561036833
4.295060277798413,-3.338267374281658,-5.743977950982602,-1.9612434338866631,-0.3387638447324811,-0.39499118509451736,0.9106302004698896,0.1012693438096686,2.9456302271565233,-0.6788726545862012,-3.862202791384717,-2.631033527730425,1.132251264350379,-2.9202829917114563,-1.460508429771004
5.62606567606398,-5.184863706977427,-4.229768687988294,-1.63993255460043,0.6299710495246713,-1.6818924272691982,0.5986104939286984,0.6085818319198917,5.45876881010772,-0.9897105499513728,-7.4099593104662675,-2.2625105943525763,0.8648714283224849,-4.611490963043253,-1.5800883502623155
3.244535344677111,-0.574056468630368,-4.778040115008813,-1.6854342783492005,-0.4145176467943228,-0.10960089336052481,0.9208756836890841,-0.8214276335774787,4.536436819968937,1.076005994542673,-3.458819928947682,-3.108067861062419,1.0879602056021023,-3.1142848213900036,-1.1661946860529964
1.9302280976512172,-2.6319037378422188,-3.796703640277992,-0.6498258363553056,0.3779992631039116,-3.431311283353932,2.168540055334596,1.0204422926784225,6.334370890446145,-0.23115780444675038,-5.034461717914281,-1.7226932604997969,0.9527867185484724,-2.9240768790490126,-2.7988365451738444
3.1882592290405034,-4.200201050481086,-3.573052133145039,-0.11826869321365774,0.8463289810091618,-1.5101250493329887,0.9483704900779505,-0.06383914395902068,5.487489345949851,-1.5724842534976728,-4.820278313421709,-1.0045284801417158,0.6132166060391986,-2.2328493398585687,-2.920511387486706
6.172745137606847,-6.195491936373148,-5.222053780557476,-1.8951916324198144,1.0333302224517442,-0.9257741066074071,-0.3914886013935619,0.25789728638860865,3.6790823213623804,-1.8192230316215483,-6.279279830344891,-2.766427824841738,1.1001716262076822,-4.0182166545177385,-2.056567053203655
3.8700643860404296,-3.125316248592902,-4.006195450142992,-1.4780197413425793,0.7857356787571439,-0.8850780808357681,-0.9162368866914941,1.9234821543104377,6.681958831153743,-0.062383095314960224,-9.147134558956928,-2.136735201900425,0.30959451715004205,-4.013508903496876,-1.4707411550361136
2.696764051889785,-1.5472374862009357,-4.1474835579812765,-0.596748933135647,-0.06602265278606423,-1.6480395536235541,3.0802348194871367,-0.21061880137664968,3.3069960653126547,0.11294255103937201,-1.0892038699372875,-2.246506062682101,1.6834567965312632,-1.3626203288118022,-2.000720526474933
1.5428931707625642,-1.5116698481641713,-3.0322303483067534,-0.3113797486392982,0.4434063732516619,-1.0653047569238292,2.071664515380207,-0.7920901870590937,5.124853608476513,-0.8208998907585572,-0.7388123652653635,-0.8285982912063914,1.282170204067664,-0.4635305884388692,-3.5102517142001677
1.6615977381730116,-1.9583170692960614,-2.449118568769536,-0.0023682840021461704,0.3381870827577705,-2.583408575498352,3.062242850786401,0.012786120722289851,4.194685178539536,-1.6506199295086024,-2.3371383572524618,-1.957461195122528,1.504591001298508,-1.7423413823217457,-3.048212978712863
2.9015283270118135,-3.848499453245625,-3.131542544343288,-0.6112399041058014,0.39323993543115576,-3.0931186798413943,1.6976087723442923,1.3024346150579014,5.742441692900662,-0.8035225926113315,-6.610893729259489,-1.774741212736048,1.0215231581295685,-3.382560246479974,-3.2940057203347726
3.519588249052094,-0.7186815858166056,-5.1819337919567445,-1.31949278037076,-0.3308680181683812,-0.7955900189044802,1.8649142506086913,0.983414394349209,4.116894021851615,1.6444638708158648,-7.017993127330137,-3.5332626576924016,0.9635553715341458,-4.057993095688751,-0.9138620897061873
1.4829603687532311,-0.595327877527208,-5.128278135595038,-1.6368668932379977,-0.895223059399676,-2.979663934566073,2.854392728309581,1.0500805415070307,4.099432361327507,0.789021702090555,-3.28521600685861,-2.0679246170150454,1.9832546544821252,-2.8588154255118647,-1.392186040039329
4.435209681933179,-1.905950485308234,-3.649862437664295,-2.270038596461083,0.10382641578186275,0.6657553939662839,0.5513722960991727,-0.46736207476479796,2.71982705076191,0.523040990558929,-4.197979989893855,-3.358517504440244,0.7318869056094879,-2.2103591299783627,-2.0197763922325374
3.790734828151464,-0.9087191972345434,-4.113344159337393,-1.8172518957591801,-0.15247320812367932,0.005564817611902084,1.0174086859150147,-2.3465920548404875,3.4132004148105075,0.5666277119192213,-5.381676888337716,-3.1734700706579653,0.8266900754732989,-3.082331787209343,-1.1808170951619723
3.3557772089298146,-0.48455459850145743,-4.741319168619367,-1.6916937901072113,-0.07256341217770595,-0.3721988830252848,0.2575743065023972,-0.8319500406061907,4.898207039115591,1.1511139572681723,-4.865532491059568,-3.259492801710917,0.45441223761143745,-3.326954933702387,-1.3263426741053026
6.160315255796986,-3.5758172982769185,-5.538092091990739,-2.144389092238949,0.29724142414711807,-0.3149415011679295,-0.9592529489918098,-0.6177208854200694,4.50666994919269,-1.027411923975011,-8.171276810571236,-3.1748937604694145,0.5872724236653536,-4.423451021612723,-1.4004177002219478
3.0539874653930417,-3.6547228161867626,-3.973104852896419,-0.43027796673620766,0.6791965773430789,-0.8115463635189735,2.7418031788335355,0.014598575480827922,3.2308738626424436,-2.5474108830810325,-0.36082142962558894,-1.175227466570518,1.3961214770820753,-0.1045268704203024,-3.1471594608516527
4.232610667199399,-5.620154756092704,-2.8188155472658476,-0.2071820081344279,1.1931052205585175,-1.2091370615677086,0.9030114057351832,0.15764789887250197,4.65448775199801,-4.358989951705052,-3.3750245050922,-0.499176720334666,0.8143069641333853,-0.47264159889735,-3.72206670421094
2.3074735878151564,-2.520480474704355,-2.668208510538242,-0.621449487682497,0.8092272489609489,-2.385900810957705,1.5787928886704672,1.1119700781769086,6.182744392566214,-1.4388154912117308,-4.764464102706026,-0.7120213030518832,0.517079970021886,-2.3719946112735855,-2.9423135002957546
2.9604846016458857,-3.908490565685022,-4.235752953725868,-0.5060058261927185,0.7137946407978699,-1.2280107669941276,1.8897828134096688,-0.10872570225997791,4.295963744153937,-1.8911716209811944,-1.6234154367377314,-1.3013777124484964,1.0174363537020819,-1.1798937677191987,-3.278052325753145
5.05017286104805,-3.050052259794412,-5.733529492395424,-2.5825551918847687,0.07157624215263853,-0.3127654354379219,-0.2237772555241484,-0.8295098155834897,3.668729251938742,1.016531289876872,-6.899326221712898,-3.7630930129294287,1.0245103016826282,-4.760488314371113,-0.3430171225803331
4.363371687621985,-2.384597790850684,-4.217101570733419,-1.7830938134947454,0.16295864348295425,0.7374086092513006,0.007747190453626818,-1.2944164160924951,3.7565124501703315,0.24374733855812614,-4.214863151170718,-3.160907562118676,0.07068018139009413,-1.3751262897579402,-1.6102173458205624
2.8272631172991303,-2.394232337965774,-3.374921307784577,-0.33205912074781074,0.5245332095536748,-0.34264091432762045,1.2125254351383012,-1.8855057293278947,2.985571643884946,-2.0576520921715384,0.13933485995608397,-2.164876125372612,1.5946627083971143,0.2929398508135477,-2.761249029744146
2.4382015610758234,-2.302732497459929,-3.9546412797191284,-1.052823881124093,-0.2614026033023885,-1.3253963240323683,2.275617279233901,-0.687932558419581,3.7708181496168627,-1.0164755389207816,-0.7431358066218019,-2.5891770872757163,1.9510678553221537,-1.9620173820610682,-2.3199782285075305
3.5804151656234895,-4.3478532285653175,-4.227352175667668,-0.6460327101167385,0.25617008307667877,-1.7900809728383626,2.842476338246898,-0.8142038526459516,2.11282916583793,-2.0495041524241158,-1.6161734567398702,-2.281887738637378,1.5661489282634715,-1.9655288324113391,-2.1134431209394617
5.117495641349542,-3.945960334102874,-6.375233600140005,-1.7912782436907762,-0.899586622096888,-0.70586107311604,1.7110715437365278,0.8684889359037851,1.5890875348933942,0.2975000954537397,-4.150292871082856,-3.923254305136574,1.4105106305337856,-3.299877256487542,-1.0737239267033545
1.0241645979501355,1.065506803914872,-5.2174723038279565,-1.1766583767019536,-0.9682910646985217,-2.5107775670830206,3.106472758293463,1.9872846982468375,4.968996918081212,0.8745658124077391,-4.084171020313108,-1.8871524025972866,1.7674787116116035,-2.971718861986061,-1.500661639089322
5.071590501072076,-5.765291442632748,-4.762204271975248,-1.53619031432858,0.14403847629772354,-1.837291002896458,1.6547269479059354,1.1902662868371727,3.105971083417942,-0.9643159118079088,-3.9823439932492253,-3.112220582479051,2.0603807412768553,-3.380773182252701,-2.327170605991645
2.166079150895075,-1.038120754171913,-3.1085541225684206,-1.1335562266073616,0.09106007720439063,-0.9176328409559876,2.4310648650850677,-0.29707968350087965,3.8394072757661935,-0.03087766442230755,-2.653274535407462,-1.7274281227244064,1.1737009494835917,-0.9418238045325109,-2.038891173530286
4.783935943248158,-6.698152875846903,-2.4398768784255074,-0.7812118112156351,1.109911412747465,-1.9829387119000903,0.48010739924406065,-0.5764047765918803,4.866309321375492,-2.545512345006957,-4.590670836457402,-0.7413201067399082,0.5596381756492625,-2.048291094734251,-2.9377464496093935
6.275196358177005,-5.363632398738655,-4.950368918022204,-1.2822683232774634,0.9036368068711426,0.4839609869791315,-1.1703863344034193,0.14665013635165158,4.82471741340981,-1.5251869045394901,-6.468190081852544,-2.7584839950758577,0.3180028021362459,-3.584044189513768,-1.9592611554537593
2.5377667464476885,-3.341963083800985,-4.733495016617873,-0.6468120523616506,0.5045461477314299,-4.025978368053001,1.7227130653814215,2.700336217026515,6.811100585989358,-1.0765626508243546,-8.460459430241352,-0.1189662853193365,1.1427828482457183,-3.9399993887982263,-2.3171079679640187
4.056796223077323,-3.872946233735281,-4.711453746610653,-2.075028078748788,0.1229913588464602,0.8139134874660781,0.5092399585954446,-2.0991815250701547,3.041433623450703,-0.25746334703426854,-3.306488172069136,-3.2416314888453854,1.1732995607616437,-2.2360454286335303,-1.0298147312006527
3.9041381343981114,-1.6910437036073283,-4.255048342288531,-1.6451610813782613,0.3716339635213212,0.8110826581602968,-0.5803751879071326,-3.3591878335215033,3.685332166517142,0.333287942594928,-2.247873017209523,-2.74462252124112,0.43534145342649766,-2.0220860357954433,-1.6532437298650353
2.501438644176107,-1.7468681119022598,-3.0389253210562064,-0.7873213384276867,0.03182904977771234,-1.5188988493763833,2.918395191623266,-0.6817679901009146,2.8599537588862445,-0.8700314287462224,-1.3841960057751175,-2.0220154030874258,1.3893076358411172,-0.9252971490785817,-2.5217370024263714
4.316452732443097,-5.202207075386159,-3.6899317526815176,-1.029762759624223,1.1716209522525483,-2.6017999085937284,0.907373154076393,1.1601189423931202,5.852225932629959,-2.9255461937588616,-5.852227325664045,-0.6344153771999026,0.6951875541893482,-2.908718439609358,-3.146997850581821
4.655753763959256,-4.744476501456916,-4.228709719458128,-1.0306062563520504,0.2818268971314506,-0.3347715573205642,0.5030981786658681,-0.3296112095874025,3.118150856714304,-1.7734687583169952,-2.9389554497914494,-2.852539193595269,0.8674687117296718,-2.598107213563902,-2.6792778647168864
4.8067794664283845,-2.730165843642069,-4.412952192998182,-2.0052036363673995,0.21422807271182553,-0.1899924537600166,0.20884482010504124,-0.6249577303557509,4.41413631275111,0.4197893162995703,-5.491217295431148,-2.809553425513679,1.2412801535151452,-3.656390994825899,-1.5828282563705027
4.355989656752956,-2.1537290580975035,-5.726875728446908,-2.5203402427921633,-0.1582104938955043,-1.6468450126552752,0.34646957670373046,1.482987220061508,4.401238873781928,0.7875771761947066,-9.1138642628203,-3.872587824972831,0.66152869411392,-4.869936925263513,-0.9737754559076386
5.018405499869549,-6.508849020061833,-3.2394201514574124,-0.21460555612348298,1.2764633619678631,-2.212604198011223,0.7049616228542862,0.6383110138378987,5.340575520861676,-3.4134218541051284,-5.993165157057658,-0.988162961298929,0.860545904618486,-2.309667020170393,-3.2839240869038657
5.181847754345863,-5.543868856733894,-2.2332677366853044,-0.37477015458320706,1.8281777285254222,-0.5338859470009414,0.6090103802485873,0.49930723403989147,5.285295207977792,-2.9647090951073065,-4.456277720611759,-0.3740174156431719,0.35848046508330067,-1.8252184192728955,-4.3415959767536725
2.8030167579314655,-3.351949723544099,-4.191606519642909,-0.24339605847282864,0.06699371633479861,-2.4248811805507,3.0920018672552274,2.0359643325850274,4.083936265859052,-1.3803762984822852,-1.1714551879786503,-2.155377451663603,1.9627100602384873,-1.4575602159297394,-3.424881912609859
3.4125872813254428,-0.6360999850414442,-3.7827362284813124,-2.1276027382474827,-0.005009801622829935,-0.6382688756105139,0.8026697571741687,-1.0284677077412485,3.486030603182763,0.9766634082676953,-5.65831996946237,-2.829546090028831,0.8503200126151984,-3.579605847035114,-1.2536945464434723
2.1673299300971696,-0.9987665563122734,-3.6833588111547453,-0.614467669816314,0.4649244934083172,-0.197310611989727,1.2579645625822609,-1.2337452024505902,3.9730435002279045,-1.2754757589973655,-1.732196813163117,-1.9553285422328766,1.056689092909774,-1.0245860002475855,-2.2005578809911217
2.21823428287654,-3.053669391662403,-3.25311566632904,-0.5679027219206213,0.538120260376826,0.09193043203968476,1.071938910063194,-1.9228606472672314,3.9131653901314913,-2.0755558896399338,0.5061784214320433,-0.7914541619075253,0.744084315161167,0.09884465078024585,-3.1149450612478846
3.4354289127987485,-4.221216080229354,-2.575733867059581,-0.3687733631276682,1.4750365134412662,-1.132092685284575,1.0403854720785435,0.13475276291362798,5.977098923976552,-2.3614343334451244,-2.9446035635141072,-0.39372594945955397,0.5574182471403958,-1.6912525036110826,-3.8618326800893
2.8832582948592327,-4.12250610849949,-3.2891586995214634,-0.8771822743335105,0.4369339102808577,-1.6048258812183396,2.2215321838368185,1.0538690037680811,3.4681760752774786,-1.9856091323365859,-0.7356878114326415,-1.0067677245892548,1.811601349759841,-0.8203124717496757,-3.069327649727806
6.066708620566175,-4.141113156348344,-4.376490220254752,-1.8629426678576553,-0.4108855086581985,-1.153445074353606,0.14696380445358592,2.4694814780044303,4.712623142302753,0.6709551613193985,-9.819521694505704,-3.273168448770728,0.7750851074568335,-4.928094038692304,-0.9051717330933464
5.505433492794145,-5.370189817660802,-3.7881336710459728,-1.2987919821034752,1.06180903876226,0.14659672188172612,-1.0517065710060565,0.06089951406508077,5.835393288578679,-2.129553663197128,-6.7631729459153345,-2.0570833984412396,-0.17314966725077507,-2.991906035418081,-1.841289041985578
4.894398847393678,-3.40916007938446,-4.56840895563257,-1.5004886445729757,-0.18522600310767612,-0.585014859429671,1.1656946663555527,-0.2823049215743366,2.344678348679566,-0.8035028171744263,-4.297619775097912,-3.0187572947031445,1.3296888686037922,-2.639836010207097,-1.1616089334205768
3.8673224519498066,-3.554902020821077,-5.3072542423836,-1.491673435196741,-0.0013073038463654596,-1.9511225247021897,2.0871294694588194,0.7735607157011543,2.894907753988281,-0.4665892084892288,-3.9666424000579146,-3.013128317707797,1.7627000549743688,-3.1030798436577918,-1.9622486101996728
3.974070739077799,-2.9302275731662233,-2.8376619645041146,-1.0589974852540782,1.0555836500243279,1.1170894291247233,0.31282384613410275,-2.5211608289376386,2.782814111857557,-2.0208686107747087,0.25590123735005843,-1.8081526269404384,0.8885049549681161,0.30568067964964074,-3.121785003564589
1.4530325501087558,-0.3895054631366839,-5.240304714298721,-1.2834100399907786,-0.5682133762615911,-1.3707234751264856,2.64905153351864,-0.5252889020093331,3.3401902743245957,1.5681893030136278,-2.727393787947104,-2.8051834229055355,2.4473862506894037,-1.8807399091672066,-2.0578158394946824
5.182410416579398,-5.0871481127555205,-3.6529856036392965,-1.3644049345741873,0.4612489286210712,0.523861695273248,1.041887647278198,-0.6094674582641053,2.9021830639025445,-1.8392692092179501,-2.0329036612344447,-1.8809399671792961,1.1889718649676368,-1.0305537687306439,-2.2042228022257095
3.644255369486989,-4.835911933442289,-3.5260628143896042,-0.909832230386707,0.9811152387329926,-2.9017383353697808,1.2208857413275083,1.8939602297738964,6.335661609829498,-1.8236645263232134,-5.847552938788155,-0.6708521764588466,0.5172783892112262,-2.325675665649581,-3.3346301655779826
3.6285722323186134,-2.1318367068643327,-5.121828802185905,-1.162647755691051,0.08846223579549328,-0.44863149284974424,1.1852968926652596,-0.05227586569411781,3.4198360440462796,0.06014259500896135,-3.984759942177322,-3.1920680362518006,1.2556168649243025,-2.7342127728869348,-1.2725342198417924
2.8158303713452812,-3.1965844656399987,-4.719523566860531,-0.9709147076474348,0.3119571619091758,-3.4493402304667726,2.1307684747535696,1.1718106545059763,5.632922223599134,-0.5971977751150246,-6.546277351732359,-1.4861392023317663,0.8833671559763765,-3.1037146807417058,-2.3824907488497686
1.7917718264193139,-1.6337248632902193,-3.7490010697478517,-0.5831947861036448,0.13677706676043913,-1.9083897332354998,2.805307684335424,0.047663668869958056,4.980506588510619,-1.3293886472868621,-3.236462199560836,-0.9719860269636478,1.3211599862009282,-1.9793965809555645,-3.3808553177419887
3.4366995300245464,-1.197556481335773,-3.2855184982640884,-1.5983196531732422,0.9100068858951631,2.5175935831069784,-1.0558945276629284,-2.729813670699123,3.698462542105739,-0.24475454394947205,-3.4866801504942107,-1.8352201069107807,-0.26410652584206007,-0.26911628458762094,-1.9910712251190372
6.279751010832971,-5.540732130238108,-4.625631368280504,-1.6234536103073127,1.0523871519731391,0.24945251752037323,-0.9181645711001925,1.2860110668200175,4.807744933040832,-0.4660315860554809,-8.234495259596068,-2.3543859786407726,-0.3358617776414108,-4.260167963596286,-1.734928862780027
2.8720348627306267,-0.7542988805812758,-4.111144575357945,-1.7100405564648207,-0.3401810839810153,-0.34904118092753744,0.4979512714053058,-0.6070967709384455,3.9626488324860976,0.4077210539278173,-3.666236653852205,-3.1707637640148576,1.2070219641798774,-3.1077709475186754,-1.285080788949623
6.094585702552788,-7.962691170475756,-4.3733874749628665,-0.6778358866622277,1.157732434898889,-3.149046624087684,2.0218142633874256,2.372651795059672,4.343146902364099,-3.23087099486697,-4.28473310834937,-2.0139954663029047,1.5837738122098743,-3.56570716484781,-3.8035834952528624
4.801650454578454,-1.5326207974664845,-5.3048922410725705,-1.6758552873753416,-0.24649897280781297,-0.5170452726423242,-0.09798663065160484,0.4004044687641119,4.557461602644812,1.3401362577840272,-8.535785448546275,-2.607392193629744,0.182159055612516,-3.866563324363193,-0.2273900613727835
0.9445595603403163,-1.336938579446672,-3.6253900474337697,-0.6627521587748514,0.22409773695140897,-2.4864908485267154,2.6718523550413193,0.5732660343491105,5.118947379164544,-0.8294380314392361,-2.9952166809584195,-1.297768974739201,1.4142839741577138,-1.6423118737330775,-2.9462576726921905
4.048593778161825,-6.186586868003337,-4.411132202186834,-0.8361539664157869,0.6366967863026775,-2.6617718926164304,1.5490495991820386,1.9359098258107872,5.714955254365393,-2.0334233467781813,-7.113884233184375,-1.2390151312429438,0.8124955714398356,-3.5969386525476352,-3.839700604597698
3.328241925128839,-3.3067060075481285,-3.926640887040357,-0.6122948158206034,0.4551824057997549,-1.067850514079238,2.3609507517055164,-1.2474069762531486,2.9947186344895167,-1.6194230761652677,0.2650248082212254,-2.3099654081290293,2.2565788257341777,-1.6403848445015994,-2.2871858466412665
3.284521339504069,-4.100627057483369,-3.025514437154925,-0.487245921106072,0.8944788878809538,0.04940812784925974,1.5148835563530736,-1.549905696345028,4.027521516531912,-3.604049274916787,1.2755786195742749,-0.5905353572424197,1.2057816260964587,0.7370065975544806,-3.42033948309558
5.821273897219854,-5.178779384957982,-4.62646223912545,-1.9241937951024743,0.24497826490360575,-0.04130224860800369,-0.8928008604615596,-0.75449534229248,4.648548397376997,-0.4973139312372391,-7.9473374519129045,-3.291653786112496,0.6049153519270829,-4.08069966424187,-1.339948825812226
1.0662287597849254,1.0727931801267245,-3.462279499777762,-0.8140397343458707,-0.16147490370445072,-0.42940320571567947,1.5850101309137037,-1.2778592202967174,3.995822871854909,0.2131196244894511,-2.7948333116826083,-2.9069961390399874,0.9410922621926047,-1.5220091864692682,-1.7700448123734134
2.276363459925522,-1.7796169999202098,-3.6502252007489098,-0.37179324902141864,0.5281841810646237,0.23095339583448116,1.417766338306176,-2.2464650151226735,3.812552961152388,-1.827716725577651,-0.9563431209257507,-1.64049038636383,1.1088207099199832,-0.9540182498361802,-2.803973349276675
2.839059665327685,-0.5093450259214216,-4.99132874194706,-1.3374417482304959,-0.0912536421407047,-0.6081014076240527,0.8131232258120964,-0.40382219482324483,5.513722533427334,0.27185722557531533,-6.079562416387908,-2.723891435288824,0.3602080732324361,-2.7822428319874373,-1.306291146192484
1.8733081184049576,-2.9915379705619642,-2.875969019248113,-0.8756461997010955,0.5975268229330811,-3.339276126931742,1.0863954717381912,1.9743084497993117,7.190693755035927,-1.2196191685997637,-7.276315635335797,-0.14818355713703824,0.593897711118594,-3.0362898716249354,-3.5042008193940886
2.6599675685388298,-2.301538197288071,-4.362978444502418,-0.6055845397616859,-0.1076602116257453,-0.8401066054874349,2.786076439442068,-0.04599837517660896,3.07998868650699,-1.8553698071666924,-1.0421969400250735,-1.9382357750857655,1.4294899714221598,-1.0533366619965545,-2.693311934548629
1.8576966347228359,-0.49468423630785185,-2.550117643697876,-0.24050047515021,1.5752839056206642,2.207470680964829,0.25189059683797055,-2.396828835430087,4.501354216521688,-2.8739787482357055,0.33838965685259836,0.15561004383067578,-0.19476313349659513,1.608602363902012,-3.3588858027228854
3.492323366856449,-3.562217429651941,-3.0486597884584365,-0.4274346554228745,1.4232115067450928,-0.734910910045667,0.47464334557712307,-0.6515836976221577,6.187681623826607,-1.8703166299422471,-4.326497322085878,0.039379030720189334,0.2623926626655714,-0.8697271838352398,-3.3389697497149866
2.6018387407115338,-3.29213563788829,-4.9208138063598,-0.5176097857714814,0.23695788178703353,-4.192823339408466,2.4284832048484644,0.9513720438851518,5.876876789390654,-0.2756602399953666,-6.94904123077932,-1.5467944283434265,0.6403392746402928,-4.160785866618185,-2.295437423703494
3.485404067013686,-1.7763198974711338,-3.917677624840676,-1.1390722230148758,0.268659986479574,-0.4394149694073002,0.12419968738817722,-1.5157015602330959,4.435058172428278,-0.01871589966764342,-4.524307863361729,-1.7038113909518435,0.49681574704990383,-2.782210878834233,-1.9533444185640916
4.155115662654108,-6.137804904757136,-2.708971163546593,-0.45008278846565275,1.5635441288590328,-1.0456919416440882,-0.2965704112225698,-0.8676253652397128,5.099446421160383,-2.7298259090374204,-4.415433875358385,-0.2871593697956385,0.34729379039340313,-0.8269703081279813,-3.8318615924516797
2.574771410051896,-1.7609270361927272,-4.800831093140836,-1.5954481800222027,-1.0308125595330992,-1.987441728612961,3.1284844003984738,0.5141745970168854,3.0360643817894175,0.5496781864360096,-2.9691149999047584,-2.5050970395868806,2.0782373499127873,-1.8961548614549786,-1.9400735634423607
3.9987220228123976,-3.557154427796031,-4.026256196929065,-1.5078193925947787,-0.044088919005454974,0.47111968604222954,1.4180483504440637,-1.4063675569581366,2.7582873349751003,-0.6759827640705045,-3.7873710957979028,-3.289263254113096,1.2215482406622042,-3.265520166992541,-1.1095236085652624
5.34774226772072,-3.5399246775349162,-5.1861360654633035,-2.0835170133880028,-0.22508621276716578,-1.2287360397667235,0.41169006071684766,1.4512759517953273,4.4369305200032665,0.7356143846578176,-8.74924999469232,-3.1931699092300807,0.8005511905376859,-5.085296235648546,-0.6260495825290471
2.536686752875526,-4.342756555334937,-4.341889914919263,-0.6643199533673132,-0.016241017571079153,-2.6026758511205466,3.344974133375154,0.8411374293643856,3.5608908215182,-3.2194419147126245,-0.5661411962141609,-1.663762251748366,2.0955027343261308,-1.4221429633807667,-3.2780435843950966
3.628333661141318,-1.6627810284529498,-4.2601159819114764,-1.7259163622742375,-0.10286393020382617,-0.3060133647200801,1.3172600547251452,-1.369708631294093,3.8047613987049176,0.2955679362238022,-4.313425362486999,-3.646520101752329,0.9068711666980114,-2.3378572571817853,-1.4840248602001707
2.9083291676851792,-2.3486345327920013,-4.637340884062386,-0.9238244111032314,-0.2694409261256353,-1.609650228790508,2.2598671904658416,-0.44634435163634467,3.7500732221631434,-0.8086833293604483,-2.783130731094854,-1.6844303036391621,1.6820782800820289,-2.018572830535435,-2.2030138737082723
3.7790384802011046,-3.799768892582411,-3.755746346603673,-1.3906629832613686,-0.009355116634079896,-1.924118773949092,1.9057800882380667,0.28440232215497363,3.587612071847157,-0.7805453133598736,-4.46239257104143,-2.2463482817655906,1.234119419640914,-2.829932250926355,-1.6585362949005533
2.947892705560096,-2.1661030933657948,-5.4320088814151175,-1.8102432690967638,-0.6535603905393901,-3.034358803441224,2.0093905624608044,1.6296993126809052,4.2951958041307545,1.0439969213726479,-7.730413546900905,-3.3112787510368533,1.5566331352531009,-4.242904954757283,-1.254158974013185
2.417466107968398,-0.8207882818465033,-4.888178077963212,-0.9374858358971339,-0.39911158884371367,-1.5908623028134103,2.3670584645344572,-0.4012448260480389,3.883932444432561,0.3928857514140536,-3.8353116365457662,-1.6949022067103034,1.6733719576628039,-2.9358641998953137,-2.9184239014047897
2.244562311844707,-3.141978476970474,-2.879067145137656,-0.10203407689443522,0.9394033220018067,-0.6155725383920929,1.3260159135052676,-1.3120790963247788,4.268749344472793,-2.76050814385355,0.268281673546233,-0.7933243278598832,0.7904959954161734,-0.07133918309088605,-3.293279389723134
4.208843305435242,-1.7452365684379214,-4.46349676450294,-1.439601316633969,-0.11241103785275619,0.11621189287184763,0.04537229302887469,-0.207370960590811,4.631962165616566,0.5414112571158358,-7.813660997025799,-3.6611875749259006,0.3781100411229992,-4.4441078159575635,-0.8097347525772096
3.416673111092202,-4.257399820760238,-5.473923891678724,-1.049231289265601,0.033246848158422715,-3.233040186478697,2.4146921802653347,1.8532290032599985,4.9790645182098245,-1.301040620853276,-5.834402863501786,-2.0627839796464724,1.5713766430750318,-3.1042693980881193,-2.426672396119604
1.489152351550891,-1.6748553464324398,-4.644812544648694,-0.38460425384835617,-0.16573195774043914,-3.0689309729146603,2.7715822609192973,0.6150806983099933,4.302069769468684,-1.2640537598830128,-1.3599968640219187,-1.9927609940801323,1.7891525745778694,-2.413029092899867,-2.9313265448286137
2.294358922713445,-1.6572833903745843,-3.7575450166060693,-0.558594918093069,0.3921474555533581,-0.9386409425196387,2.4109069437357147,-0.47268010552963224,4.101770445682155,-2.2996540292222103,-1.2969195462291787,-0.5924275742715932,0.7710184609757755,-0.8706132282681978,-2.7506268706193113
1.3912346238108348,-1.1592566393457946,-3.7943148837003213,-0.8052828555197646,-0.01416283436159288,-2.989342827006989,2.8549664016714917,0.34155167665672387,5.354390255769363,-1.406989410252972,-2.3338315730452943,-1.473533397580347,1.6732073364593079,-1.848565104608848,-2.9527560109364535
3.9686571744373356,-1.8027939198478158,-4.884699986426138,-2.712680790885416,-0.36081627199776256,-0.41661301636172154,0.13694975165765633,-0.22451055857378133,4.5730942676238024,1.164287802578937,-8.177045976097908,-4.2835445677914565,0.5017177790585157,-4.343482789094779,-0.6452842621254302
3.7648697558986948,-1.8796329875973157,-6.720851812044331,-2.621362615002478,-1.1314044983958775,-3.0878471637500478,2.4884896857194314,1.7049661536839311,3.5907096295588254,1.2631951169076467,-6.280860459349545,-4.850500649516912,2.0415908660214916,-5.196004314951604,-0.1534402646483115
2.3506250628398595,-3.25754136873976,-2.7829251309469387,-0.4079345947172587,0.4586680019294197,-0.33361023137551815,1.9107571725614707,-0.7958753948112056,4.023877074021195,-2.0062800873827156,-0.6354677613260429,-0.9970701884053209,1.3373583193275231,-0.9333956939031343,-2.738879320469187
2.1286786539764226,-1.5037778357200364,-3.7127134225923615,-0.7024843598627489,0.39582942209139216,-1.2675174335845794,1.636070378280008,-0.9447003568896981,4.765358996687518,-1.7252201759133658,-2.0834884657144763,-1.5942497909507667,1.4180637872758006,-1.2554730220323418,-2.651734453406199
4.148652314212758,-5.478935641632853,-4.368422569089403,-0.9303714497020967,1.1590921358803503,-2.6483714249388024,1.748304326645654,0.7694464744683397,5.1309079829227064,-2.3904206603649913,-4.418834380650741,-1.3092817212874013,1.2857856914108885,-2.4000557736105104,-4.301319320912214
3.2681648212888517,-4.280069542525384,-2.9585441758735236,-0.09103295413776236,1.0343289824979247,-1.3695304163257171,1.1586409023530768,1.3651747941834145,5.350336412137018,-2.0556290009612748,-3.7408599286316613,-0.721166850282428,0.9926257408976129,-1.9380419227428454,-2.6949373883810104
2.2028883291018664,-1.4866134632964145,-2.619234184164939,0.10164567073827468,0.5610537008424173,-1.1426856198972752,2.0238980137380858,-0.6879328738906341,4.8213567361172895,-1.6814926854218653,-2.3212492122079986,-0.5629122553978076,0.7817919083359404,0.22758695469424417,-3.0401838810477395
6.669627961132305,-5.884588954841417,-4.009984301801025,-1.1768090981204857,1.7038338513886717,1.769704057041141,-1.0368639613079105,-2.471053730766952,4.1464964696963955,-2.684381385501805,-4.650871125372291,-1.6904754878724422,-0.14919574778519262,-1.3590788278563357,-3.143301916845318
3.2788742957206183,-4.631065868820831,-3.511207956473601,-0.9622056229179228,1.0835563305226912,-1.7696650013668727,0.4592180060738279,1.2352708905581036,6.021855595791907,-1.4815729692996324,-5.470100919520551,-0.7820176601885827,0.41226585094054025,-2.3128716310205752,-2.9506862406962577
3.3263326157780186,-4.164506093714077,-4.093515143476389,-0.4239550532340308,0.8152166440955593,-2.515926981120883,1.178366761693679,2.533548339567849,6.052102005429009,-2.4903282012262022,-6.815746509911393,-1.4116958680745135,0.4166890054546213,-2.851776323541736,-3.103747506765408
2.3938119494881214,-3.423556747060036,-3.817313903241727,0.04560697985702866,0.5083623781907547,-1.8652517783995008,2.4436783274915133,-0.5254891119847972,4.857933564053702,-2.2825639115750045,-0.7418931372449058,-0.48977880600819024,1.2585529623262457,-1.1447117507626041,-3.1117695679522654
2.6630119403735786,-3.809734481457495,-5.899557796137909,-1.6972405314881307,-0.3686658967299017,-3.693951725731378,3.8416881090489,0.29451043832145873,3.0828211116538755,-0.9745913754424916,-3.5943299344889503,-2.396641853059027,2.464348413186558,-2.2882176225914463,-2.2647107123113575
5.637164013037698,-4.089294984218515,-5.608421204792671,-1.9808019363959508,0.08391761227397704,-0.6519181510630335,-0.8509107324793255,-0.5599648504955982,5.680615753076369,-0.27554187466815006,-9.430861067313309,-2.535390378196931,0.12304757130191035,-3.936592789419187,-1.5702544322332725
2.7390537287587535,0.02770839962802496,-4.904094753046299,-1.612960041858368,-0.6088533024394422,-0.9200290563482703,1.2320064097146297,0.5441772005160121,4.382072200577167,0.8533786516919475,-6.237691008855348,-3.3516382121634973,0.887205921971919,-3.409841963618538,-1.1199180219072802
4.50146898442096,-2.2508946117907254,-4.903155747644982,-1.8770898226305488,-0.618281943816971,-0.5003211888735579,1.2640404330047885,-0.10851430314499358,2.917483845316586,-0.7108128770746982,-5.123272048712046,-2.5107887752068816,1.0264382751012189,-2.469590430700873,-1.5410000575749405
4.629848515806676,-2.2796049982335815,-5.514033955624653,-1.5522925728527157,0.02116743748946881,-1.0328223054720054,-0.30257449332656083,1.464665291788065,5.82425723788245,0.6735909252094057,-8.247314789781857,-3.4673929296724957,0.6037409473805355,-4.71663472442688,-1.2424971597199803
4.998389595086343,-6.7884977031694795,-4.709195504664253,-0.8001518370389165,0.8560824664334704,-3.0132680864995387,1.7052084560528815,1.4235020351813579,4.67509872166755,-2.5068163026700883,-5.899628880984362,-0.41141528112551806,0.9900310573952873,-3.66129430469595,-3.334219431706734
3.845679149270108,-5.287870601003188,-3.9308602756887554,-0.6317758888016414,0.6694008492905794,-3.5939758464250477,2.3053762255173944,2.2703242192030717,6.515597208109551,-2.460337541303,-7.211758399404312,-1.447345151365647,1.0752873380298418,-4.647627674396588,-2.8208155310954854
0.6864424084651577,0.5428685926398287,-4.4065443369128285,-0.9696470176380038,0.3304251956736966,-0.4689632743784695,1.9038928844036342,0.31364659063452954,4.606866689973366,0.6828230775583986,-3.3448927070427215,-1.1747633275274594,0.8318361866210353,-1.5293839828148048,-2.004675993285016
5.597392213521815,-3.006972652640138,-5.033173210708134,-2.0608587614385634,0.14150077863041155,-0.7803037066826135,-0.07600605743329525,0.8266195699056431,4.837841103720556,-0.30775432482335563,-8.61327583156243,-4.024369939003902,0.6314573663701335,-4.123392544286018,-1.1140079020252687
6.415270136644104,-5.620031491320054,-6.356487667931335,-2.118174690280807,0.3952757577871442,-2.5106631683149265,-0.06593677518678431,1.7499431688598412,4.499694112973683,-0.6513474092082163,-7.750506088928951,-3.16335724705446,0.9993483749481042,-5.08292423930867,-1.5542517337476822
4.469042916412725,-5.464388111618176,-3.0939283278352505,-0.45679650166165686,0.7801420750759507,-2.418343265711157,1.91624021672736,0.9482643203149149,4.488224564587378,-2.796657051446588,-3.90405766562067,-1.8901039274162603,1.383821520652687,-2.0080478858883524,-2.720322430196285
6.583180622651472,-6.201500139385946,-5.210547588221461,-1.5283237020056266,0.019687750118223546,-1.3728093570796722,0.46328716459615316,1.3124764576277657,4.824257851005701,-0.7802487966879789,-8.921693567340707,-3.012874202324782,0.5786859756193096,-5.138248590091953,-1.340933436970555
1.1878357839037479,-0.9053627424805262,-4.360866217490691,-0.7012029616685889,-0.07849856473283373,-2.713778934928201,3.8235209528009015,1.905363995308988,4.902617208143322,-0.6201795771791877,-4.384423554124482,-1.7524640977188475,1.849910160799212,-2.263379090638105,-2.0442612701723064
3.0782069685946576,-3.338245570852705,-3.628112411203376,-1.039000820458313,-0.3236475177476985,-0.5409756845303949,2.6717489891783703,-2.4993764948474237,2.218483341932221,-1.165174673433552,-0.26571965395933983,-2.507779565066241,1.5616625876698933,-0.9696407091514168,-2.5605439406947155
1.7096794652056815,-2.3907918044020975,-4.56327513272914,-0.21662226350878944,0.31534029396774366,-1.845429143102314,2.5894588642985576,-0.2883156899369705,5.055894710451109,-1.9346441208571448,-1.2023197772630825,-0.5409536913520661,1.7093368255057126,-1.595418024118835,-3.2168638226589703
3.1990692246917076,-2.7035337785526474,-5.760988449352407,-1.3521775340108895,-0.29304940235589094,-2.2500335913917953,2.199614810584042,0.8964082382857542,4.292344347106875,0.5094934926198513,-4.495762483561869,-2.8272753104147688,1.7314394506033324,-4.1116095365219625,-1.470778177342596
2.7967016741852215,-0.15135797485899616,-4.88721965884711,-1.6044071470487493,-0.4724596026286172,-0.9747514528993259,0.7925635980144967,0.9047594007887385,4.501682264866576,0.9832182598574035,-6.341660683241804,-4.011261418666127,0.9661032288309928,-3.777798225847385,-0.9251021088822782
3.4502583389528327,-4.040441288663899,-3.1380159969484485,-0.015386859568794709,1.0294457444792369,-2.0472557669023406,0.9238304529714019,0.006646647079488012,5.683926240767631,-1.929255603985925,-5.353728064786031,-1.0630806173316305,0.7712155534054081,-2.1389084722800895,-3.3889512880092934
5.144569142358927,-2.6985543749562426,-3.630678650927325,-1.2106494176138445,0.9812615031050667,1.9236836763704863,-1.8660093889074356,-1.7731180477278192,4.124925939905083,-0.9532661279083132,-3.992141395674246,-2.90549133602837,-0.14681838279511883,-1.7035956893228685,-1.4942529076819535
3.071460184968413,-3.366288871061333,-4.573944312735729,-0.30175623618680414,0.05677423829116335,-2.466465195688309,2.840971191866983,-0.3138785460620583,3.616717368546584,-1.6123690406613789,-2.51316192666861,-1.3417815211481252,1.755099206840637,-1.213205637564602,-3.1357027060173452
3.3812078183352523,-3.5147503347525153,-3.7555481267743307,-0.35359444799392625,0.8487671412640823,0.9185274521330284,1.3606626700918303,-3.093972133759392,2.037710088106423,-2.091166306170682,0.5326977744795416,-1.8813259915715204,1.358273617519123,0.6537346802779913,-3.584877137367201
1.9727920649932345,-2.378194033737789,-3.95254351850369,-0.7626197792607704,-0.5218775258397808,-2.5061066079482854,2.9297586362635535,0.2577341387766326,3.6214445640996176,-0.1650581552376812,-2.947053061391978,-2.2783911028952035,2.0294717735812013,-2.737074352772274,-2.177932706682284
2.2534506994288597,-2.557920948313471,-3.1541796938149216,-0.4308582608834516,0.5627139145692507,-2.4606486802624485,1.409582475199644,1.805627078334746,6.3391663547728045,-1.5920432026964675,-4.898238376511847,-1.1577810668147481,1.0080985799862616,-2.11770461827932,-3.231019506245133
4.7491441374111,-2.9681194895242373,-4.452689100296985,-2.1122603276275154,-0.0355912277095945,-1.1708777898024356,-0.34481015228329936,1.3429647785306598,5.323122627151816,0.11218993016365464,-9.325864581281962,-3.373095505402121,0.527840185486598,-5.143196539535602,-0.7595290599780713
3.5597906510958213,-4.847829434127486,-2.968223980882705,-0.08794443513704842,1.4914489128315327,-1.4668884870381211,1.5161723971297656,0.809715663329733,6.629150602848918,-2.700248487527731,-4.805170308000243,-0.24839300589027014,0.6445058651629982,-1.3203376361547756,-3.593926911944329
6.369217161997171,-5.4923608620730135,-4.091289789752208,-1.5486296929444916,1.1844679817787471,0.2981320912152583,-1.1663001626587497,-0.9536538880849641,4.601709580404684,-1.3235342610784027,-5.932513016363805,-2.67893752365233,0.09262133925803084,-2.9633351434094664,-2.2561914291822127
2.907482519441887,-4.270309967491034,-4.456707288930986,-0.7137035829803349,0.5284312385344216,-2.562733822551898,3.226615071328898,0.36059896828354265,3.0227907454107283,-1.8278585319102256,-2.177966959094282,-1.2267555876729541,1.7953959403299238,-1.612214741504111,-3.5548307638021934
4.30504592863365,-2.5942590528188996,-5.382087556289822,-1.791930949798483,-0.032681507064331594,-0.33756973804375834,0.6963154264791096,0.523740099265247,2.87603600418638,-0.03183713854273407,-3.492060707195994,-3.9069171758828345,1.5436354619863457,-2.8956767494465288,-1.46201344063492
2.9662601287397203,-3.9588007536781613,-3.4441754854018347,-0.08551933710806603,0.9842553081914679,-1.2777194768559212,1.65135083288549,1.7056158421859964,6.685452353693718,-2.359924113366297,-3.913779903604234,-0.31935839718712344,0.2639055107809214,-1.1954576314250602,-3.222075602014502
0.2633866282933308,-0.21232842396869422,-3.455769248383255,-0.6775198923889774,0.6034160173646262,-1.8981379256384816,2.166336633569155,-0.7064374572775722,5.2512643717349485,-0.598656138087409,-2.104680092446821,-0.1279804197147676,0.6791968789091163,-0.8627389680666553,-3.666578774096243
1.166845127488748,-0.9381337088618724,-3.4877755641542647,-0.8501305172616398,-0.2109334439725844,-4.728442932555607,2.489069281038473,3.063733473413961,7.492324126514216,0.09129535762125418,-9.446847690580611,-1.7337932243644327,1.135330646290608,-5.300500889526871,-1.9101939380187218
4.214180786539681,-3.014542497425424,-4.75576022824553,-1.894654106759905,-0.31599762102264917,-1.8338001722202932,1.7320425128886598,0.021719030449130816,3.197144982114458,-0.7434854619121527,-4.450379827006546,-3.058247419064173,1.5040101721904868,-3.6910896625948304,-1.1358731521442287
4.5431638714996945,-1.2327585528969445,-5.108625813075864,-1.7722004370633093,-0.368564411800098,-1.277775620322613,0.004611106128531439,0.16498324389694044,4.891686225075171,0.998273465713017,-9.09696126604365,-3.42231691780973,0.38195207256260433,-4.620290436200119,-0.7467040705456409
4.673566352148204,-1.9800988885242383,-4.764426585360436,-1.999368565429697,-0.013322848328776948,-0.8353847470961238,-0.629495899351942,1.369118657724285,5.0129908189305965,1.4473071401440487,-8.368019011699555,-3.7126852369044823,0.2657863942002865,-4.456227512820075,-0.8021140092930013
2.9783083453878394,-4.375934635942064,-4.281789602637832,-0.592673287194399,-0.07849355523062279,-3.858120465534497,4.110607759223778,1.912315121447746,3.3993585740388514,-1.474842552229092,-2.2620048407479314,-1.854216950261369,2.778668826007941,-2.1674812193676347,-2.873763234504624
3.1542162247858396,-4.739104345129976,-4.026460881781367,-0.43941793006841945,0.6528465636968686,-1.7541424235926337,2.5525508703071598,0.3943838939846517,3.3388321228876903,-2.7893398775050215,-0.09444319026495318,-0.7132730626918355,1.8807264107971697,-0.9193113368750412,-3.1233012848611654
4.6887029439171934,-2.241051129569151,-4.36771829362123,-0.7569040842387575,0.8777699919299184,1.5305285975448095,-0.46605535102415097,-2.039005078253847,2.953165228500024,-0.8371503613589901,-1.369471161205952,-2.455262996097084,0.31531301588652005,-0.6187433005186982,-2.3568214302701294
2.177097314126949,-3.3500246157448546,-3.6923127306981076,-0.1949885440169643,0.655835267947606,-1.9344238011578847,2.067153829480264,-0.1821481737681402,4.576776374067468,-1.608996871330986,-1.7344350329056404,-0.8191386990904239,1.7430463579897693,-0.892058092097394,-3.722505354831598
5.016917263530493,-2.49134591291834,-5.6873395370304705,-1.881107633467113,0.13629081439224597,-1.5298466179405907,-0.11076650596563486,2.0576405400741686,5.529108542205385,0.82144565121214,-9.518514011165923,-3.130290706766064,0.2996176664423186,-5.766391860021737,-1.1236876404702072
5.90284674665383,-4.331333614336813,-3.5057572485566615,-1.5646939902837478,0.8713243409416512,0.08786104085320567,-0.1276048478362244,0.8455497526392545,5.294817740497197,-1.158311731030634,-6.538970805592628,-2.3943725658779127,-0.10922044524061403,-3.5706303021962826,-2.1753710671808606
3.466232125020024,-5.096993116753218,-4.278525422645808,-0.8971654204607957,0.07280489065099399,-1.762941461885555,2.5908202334047346,-0.7579872107898173,3.164530224497211,-2.8407052789438643,-2.1656853768538085,-1.8537518051262172,1.8765397262787182,-1.3463148222033805,-3.1362307406860817
5.480695617616581,-3.7642387007143236,-4.838127297025596,-1.5628879465403993,0.3650741102752713,0.3365741827456863,-0.20612780060351765,-0.48120495175887734,4.37447441310945,0.14282243347309498,-6.72697551347515,-3.020495107987693,0.3406986420383652,-3.676394974769324,-1.4825951083622422
5.2741836466110845,-2.465269064892916,-5.096004651240023,-2.158661747822322,-0.20713745797132554,-2.1673594697015277,0.4755039333049941,2.0431719073609935,4.901323366453551,0.4685778638313258,-9.532750142928498,-2.9899363444141924,0.9893396999053712,-4.919785322732004,-0.600008117414564
4.087050428515542,-3.157274844756323,-4.75287006404985,-1.2773546476373596,-0.5726742033573932,-1.5062553385746906,2.2057920326941427,-0.03744932762094072,2.6885574696065837,0.32388632386604166,-3.475724893882991,-3.4799895427918015,1.6944341770564693,-3.7888132733356104,-1.766665173538805
1.4503680009411917,-1.0956764907078,-4.51211449734084,-0.7846996988588089,-0.11079017522433093,-1.8684054687150906,1.9675657016704626,-0.3374527531162399,4.169955708911218,-0.4987622417434878,-3.6531077990653307,-1.3371398078818908,1.7672133400577277,-0.9809568650546279,-3.137119582017391
2.939976027762568,-2.7886830822677835,-5.543221475761344,-1.2086025880739235,-0.0728811218671851,-1.356402290307695,2.549941747149099,0.11723752163415357,2.027742505194009,-0.8575661691480618,-2.3891967426799674,-2.602865854524987,1.8503989677608819,-2.2018018006813107,-2.0873251597370124
2.0298514638131926,-2.4216427597837376,-3.5123199449206797,-0.4479908402830537,0.5708601563835753,-1.6288825813314545,2.396485197260666,-0.09714149706337966,4.808687958780929,-2.253200811013481,-0.4696019485933398,-1.4895777842951685,1.3915781850812459,-1.4246172776974702,-2.578557457195258
0.8194248061404954,-0.35326294922649515,-3.5650565063644484,-0.40838733684060113,0.34693892023874817,-1.4565523196509016,0.6434219746807873,0.13356119242663533,5.895897461247433,-0.04788565562894198,-2.6199960738973784,-0.8873114388869912,0.9848488658267847,-1.74099239755901,-2.4354389738085223
4.0718036858903695,-1.6486467149036574,-3.7996659253694123,-1.2998299401107392,0.7188884025602142,1.780356168612299,-2.066171017345665,-0.20531532858761192,5.497447165993393,0.6157852319329673,-7.265958499348013,-2.0590793358332133,-0.4174717971375501,-3.1076255666172683,-1.0345476616530114
4.1275678906589945,-2.5003579662296573,-4.025535180498908,-0.7996386976689143,0.9664548638698807,1.4054981621120812,-0.3173991870682751,-2.2653489961007405,4.2436644846156275,-1.314175385852227,-1.5090638373900007,-1.347809887431559,-0.07632060906744931,-0.9560714255225771,-2.5933209463052056
3.703808286278232,-5.788968462280173,-3.529920092680929,-0.605842650648077,0.7442063218740547,-2.365678318310339,1.4184434096763976,1.5182212365764232,5.583118795567105,-3.15042250645402,-5.605283026705891,-1.0439016707740332,0.9021580550459395,-2.9424073613370276,-2.8069182075841357
3.5827751280573965,-4.380170266842452,-2.9681915912019123,-0.5555505286754244,0.9506839177125325,-3.921173314541212,1.435763907015311,0.83990133819545,6.2273793904436605,-2.2251047513057784,-5.4311475534773095,-0.13618271146054162,0.9210566951458343,-2.0053149253012204,-3.3064688960088118
3.1358850206235367,-4.65729806576679,-4.56607047349217,-0.7231699793947739,0.2673343410796981,-3.543524117871606,1.8203435157471606,1.809423822703287,6.118579234947216,-1.0809690179147735,-6.162093247803055,-1.6466465556372458,1.4349149851525989,-4.4188389695814205,-3.089263930542418
2.8383878889353285,-3.626313583550185,-4.794078194172796,-1.3827525887486818,-0.6690601844647375,-3.0766123624912076,3.98943461390909,0.3993036746253104,2.2411931175201376,-1.4108920982838133,-2.6695999193766413,-2.430161832783104,2.505535377721708,-3.3341781189872117,-1.730796302310601
2.091961414460582,-2.513309167985697,-3.1057583564057145,-0.5021906589548586,0.281612782994843,-3.3130055462848333,2.0280690164183377,2.472951041776072,7.585382923138524,-0.8911212645034261,-6.788796097428608,-1.026110902243511,0.9849407286375149,-4.225234509136492,-2.7030660566002584
4.103000457416126,-3.291472279841525,-3.8144494807441576,-1.1815277998034859,0.5557965442375565,0.09312771543089315,0.748377056259067,-1.0015445062670685,4.5342446285971745,-1.0649687469335936,-3.9161809142155226,-2.4307364918119703,0.35450437873998286,-2.2184823228064303,-3.1129668357150946
2.8028382628288853,-3.2477528591685787,-3.570625880556804,-0.9512562000397624,0.2321739175686154,-1.7283741351698092,3.1599416947558927,-0.7450520122196139,4.249444865948834,-2.4039248225362306,-0.7277356752256616,-0.4234472457479299,1.4954487640180112,-1.060985404387691,-3.007376610799015
1.9410399860166805,0.2703588074929484,-4.990665158223546,-0.779556301134989,-0.3434547988274709,-0.6472183137185197,2.279789298513279,-1.0472170793177833,3.2848190247352917,0.09247984583552804,-1.4373207787017153,-2.626840870899689,1.1960545243587195,-2.4001846769856883,-2.2242603366913913
2.8736723789249523,-1.549097819809644,-5.838049512841983,-1.7646374903558204,-1.0737815805168003,-2.66613033910013,2.7523677657302716,-0.22567814845447942,3.6312836730886895,1.5044963213812235,-5.283366107233516,-3.019938066188864,1.5449437598397808,-4.782894710190674,-1.2103285337247998
2.4404110591741537,-2.345433406811884,-3.5725222196967508,-0.4187240468081237,0.8885295754201671,-3.5004048217493766,2.133137296645661,2.8398754317165276,7.323166465175064,-0.7980332331506645,-6.987589751377788,-0.7081750176577271,0.7424701289621827,-3.1140200461429655,-2.420927988264573
2.8364245148556253,-2.7877608625427626,-5.14136437764931,-1.1907668477663846,-0.6978536709363878,-1.4539159645311681,3.4145488935289086,0.293148167589117,2.827360293224972,-0.597968887319422,-1.992417308505662,-3.580362488539386,2.2099606506019467,-3.2060479263035724,-1.620709918401611
3.426892954711635,-4.687691006879909,-3.0670192355310144,-0.1383529998610611,1.091240563531576,-2.188630011423444,1.0442341912827042,0.05411452848642337,6.864129296697144,-3.163766158821445,-5.5359504175228915,-0.7083263206133306,0.8318555830475637,-2.669263962555537,-4.0909512128436765
3.8160436643504148,-5.613909683663023,-4.622107791825263,-0.37424453657278567,0.3067225825781658,-1.7495525637861977,2.522813610929038,-0.3097994335155078,3.135752060602946,-2.473634348511343,0.1398577197972628,-2.3057963638884793,1.9375894589361176,-0.10836061160391619,-3.2495818384429835
2.292483713512185,-1.8860199690901576,-5.033094877163425,-0.5425686392239509,-0.6494086481948099,-1.937011253360168,3.0294382905120223,-0.48832135538261834,2.835078308685415,0.46933964647023596,-1.776135812699954,-2.6052452792543663,1.5410431123200174,-1.1859741667215138,-1.9858513827019917
3.6894006141408022,-4.037388756923266,-3.7094205699709786,-0.5725039232358141,1.1155431524591564,-0.5676215483003595,1.6496199049146218,-0.6006433794060394,3.3455019549006426,-3.1449240703900605,0.001370452630126806,-1.5599528431200618,1.38230543084702,-0.76861377540583,-3.7412942769167534
2.424466159362138,-2.0520797084087175,-3.300156883092573,-0.8159555165937272,0.34882890595284044,-0.6004730608763075,2.0350675527239828,-0.07760463222560826,2.814056599863035,-0.7771915652409218,-0.4534236106631413,-2.626087820680536,1.7008828094972204,-0.8320632099376557,-1.9231002935284964
2.758055169914732,-1.7723366453626705,-4.041483045926436,-0.9861731777174534,0.6690074937247269,-1.7066153275836777,1.8212734564171622,-0.1523087491312076,4.281589486945324,-1.1265220298138265,-1.0750255904205996,-2.465271515325883,1.3473123535227074,-2.065157658820033,-2.4589901281286686
1.1858051035451296,-1.4269041176894517,-4.6001313466048135,-0.7287579301428556,-0.5487155118241873,-2.3304432774166215,3.2220392689432416,0.5326760178589491,3.6784653093435224,0.40297764938552394,-3.0025307395729257,-1.977931394976202,1.887504696737028,-3.1502187674771402,-1.656651739149464
2.7684105420953515,-1.130799054847561,-4.769848463503921,-1.5364229428208203,-0.15035119720062506,-0.14030462992898984,1.6415347156067386,-1.9715235422335953,2.649134040531309,0.4683586965522242,-1.4951739591210367,-2.3365895296356465,1.8771523206138543,-1.6234139255523146,-2.442244060779726
4.852157885088754,-5.676029989086526,-1.4188132036304744,-0.6226592474710838,2.324008995534766,-0.8871179018359251,-0.4909798505702019,-0.8747015326124993,5.947662142968988,-2.9708763214077503,-2.980184908938731,-0.6321636211703048,0.32422271730094865,-0.6419899113325305,-4.575471704988784
3.8588091663216044,-1.1994706381430096,-5.097877913585959,-2.400689997538956,-0.1381176300503047,-0.30616419783902693,-0.38369737670674287,-0.5500991706556585,5.474503719862103,1.4938424387809675,-8.43516554458695,-3.495836311235009,0.48281333974897056,-4.835722819189375,-0.639187483342827
3.6420862785296055,-5.19224472390168,-3.7846784804559785,-0.8346394518890243,1.6739631936131334,-1.814644719498784,0.6201442432377351,-0.38876663098508146,5.952295430232837,-2.322083495958853,-5.295240500226807,-1.4103080235651833,0.5378545933761254,-2.1138410616499788,-3.1103048803084166
1.8396092768722192,-3.0470917244819264,-4.3409566254051075,-0.8758842169657518,0.47382316875018793,-2.3817538994062444,2.1306793217194087,0.6594210923557979,4.385382553743441,-0.8112638904573956,-2.880070343548427,-1.941444495402889,1.678823073945628,-1.230708208537506,-2.8040211756073803
4.9662614460070955,-5.478408568173542,-5.489990368604429,-1.1441868137727234,0.7995570047105285,-1.2301512909665973,1.3800392709863218,-1.4957125747127338,2.3126814339064015,-0.8413606968071943,-4.505371776449214,-2.928128319678978,1.663505075506221,-2.464478432794429,-2.3217905612249874
3.363623733198134,-4.157096931939963,-3.8894535111545485,-0.7977888983234818,0.9846911300037445,-1.7989111695517246,1.8025553383830248,0.8467777553919834,5.793431323781926,-2.4340493109563726,-4.186537735070764,-1.2780169254203908,0.9482056712492934,-1.907850901845354,-3.1271622446152065
4.639834552134943,-5.021983264128875,-3.731345769767123,-0.5879424963288683,0.8461383552304226,-3.798262544148359,2.8851074953070355,0.9226959463723433,4.389314463269924,-1.9403547241511503,-3.983747239282779,-2.0417808604564365,1.5134030238022826,-3.1720525915502575,-3.133393430841257
4.35294752515699,-1.661596683642568,-3.1988647990286276,-1.2504907314636768,0.6326347743689019,0.36437076527085765,-0.24321593495470695,-0.9198671793073595,4.402370758634856,-1.6111492110828847,-2.139750394003295,-1.9341258721591195,0.46652570969673335,-1.0920858853560924,-2.3255214808410756
2.9393834162252963,-3.142833781531367,-2.945993261194639,-0.615047892314893,0.7913868656008323,-1.130882860250915,2.7590241212928914,-1.5012174997651027,3.6058057721217747,-1.7260741598744274,-2.3542903670579807,-0.8263175732807349,1.7066203591685136,-1.0124364448764647,-3.4570527113223237
1.1119153744651658,-1.0414871780088504,-4.311936646437369,-0.8609913268016323,-0.11550930567567558,-1.9399721375395393,2.3021408087198716,1.3219002751346987,4.648495826243277,-0.2851912053980844,-3.1790429275940215,-1.7370091832406096,0.9636404158386632,-2.383169755530099,-2.7842345026688227
3.5178281160024776,-1.4539894598367202,-5.095257188222979,-1.4209887717663023,0.021590501885323632,-0.029565543021832008,0.9581474565545581,-1.1938344424318819,3.889152519345961,0.2166474611314042,-3.20018290914736,-2.5758567519396944,0.8599714897871729,-2.2150632694716976,-1.8446233798922065
5.034278362838579,-3.5825408349070686,-3.9146796814898766,-1.6473358979505228,0.6502603386225754,1.6197392750270465,-0.36239540310416984,-1.9289133465669646,3.618373247636172,-0.9740466637114059,-4.380971449131256,-3.992596978740965,0.4535973635318985,-2.1618929987817506,-1.6705239085057768
2.4669462790315073,-4.7020611227956755,-4.213928697359888,-0.9513975363403118,0.20702860452746918,-3.011379685283088,3.4766126861384024,0.8264858364816946,3.5505674239232117,-1.947891659871458,-1.9727824499934652,-1.9175469380532024,2.2945063258122023,-2.393534667813354,-3.117945986527463
2.9056078689006712,-4.199790670015617,-4.80731110562417,-1.2014857754032968,0.5262703318973176,-3.159163504010713,1.8774891510690543,1.9976165765799712,5.854202027572768,-1.3181146392230294,-5.6339127164279095,-1.7007332107525353,1.4054339820016168,-3.143303201031942,-2.878796313543935
3.311098623469265,-4.149662413594837,-4.22080398205058,-0.8316051046802072,0.1194307907575784,-1.3458144479479113,3.1352318605187124,-0.9640020069433093,3.023726922300459,-1.813768405029479,-0.38204156642101816,-1.6775990791027424,1.8181623429035736,-0.8954395379148563,-2.4868578272263195
3.0060208749202295,-4.388448061529131,-2.2201313439938124,-0.0207762912414724,0.9235396986308292,-0.13412699922883253,1.6991941923620044,-2.0173043516331703,4.171288364637803,-2.881597718128067,0.8509209337257202,-0.12136076204475743,1.1245418589949998,0.8840385957599506,-4.358187922331627
3.9884272761295128,-5.650204021331188,-3.368587147469811,-0.9221606383703422,0.4715811570178582,-3.3305151688687915,2.2852006796428865,1.496424268943713,5.091117487700473,-2.7231205437940176,-5.914541431685932,-1.8882272376548759,1.5809916916990447,-3.956955727480737,-3.369555315007207
2.5659667997626863,-1.6120940477799572,-2.0888526851121623,-0.9825926087988069,0.7055506433888956,0.3002208021718895,1.2223046916831448,-0.9953664822786903,2.9266387621363865,-1.788540493030562,-0.1963162594002461,-0.9366130835824324,0.3745468479796946,-0.06105940846400104,-2.967542858945225
4.589828183662223,-6.844330374478753,-3.5205294670434513,-1.1008435374434753,1.2340029116313336,-3.780828718276266,2.7490914612671196,1.5177909975660646,4.199112841482055,-3.212626349696474,-4.339116967166255,-1.25369041546062,1.4317262201898553,-3.132886894027493,-3.747010834847079
3.1700063383119628,-2.4488174941540066,-4.545122936205623,-1.3144111823973228,0.503598060254648,0.3053879198705045,1.0710543561205192,-2.4385860122110135,4.080662373433274,-0.6111714138439138,-2.685472980723067,-1.7996010893191146,0.7123775883400193,-1.5327066155959623,-2.3383187978547055
5.080735553121216,-3.1516758418948636,-3.6582232912282855,-1.8316418512436208,0.4346004333335252,1.094552957135281,-1.3470340506345426,-0.22628900898888582,5.630093906359736,0.6925918228094634,-6.73693520163715,-2.516825818869879,0.13125582672134484,-3.253901736034146,-1.7031204597530967
2.943075812512202,-0.9745354010391876,-4.796781267672323,-1.3405764790103278,0.4700600597092076,-0.1530386380097164,0.9261110236490793,-1.4510455628787353,5.45799847259164,-0.9359436659032174,-5.244685842476988,-1.9703522026768292,0.3777995877444431,-1.9592393066488445,-2.0324742432408622
3.661559244399594,-5.809369925276144,-3.9906382043485236,-0.7342760899896823,0.6112319141656454,-2.16195954089761,2.945608861873933,-1.2794427702970497,2.4792273241179235,-3.2079350571674494,-1.025010718876945,-1.4438482281234541,1.7370449827261147,-0.7588852319078203,-3.3226786733420783
5.898380004237869,-4.576392726546161,-4.28941918178981,-2.0337999837546015,0.23359303699255363,0.33117903283315187,-1.1608451807315374,-1.356953980049606,3.48422703908068,-0.07435513363972335,-6.881747519900406,-2.8464494699531606,0.23610282088390866,-3.534417887499524,-1.3399517536321763
1.7886143671521502,-0.5889566388658465,-4.705385657569368,-1.2923457431963663,-0.3858080201184366,-1.155069192201738,2.5005474500727423,-0.8278603312922627,2.7060393431371548,0.059294374412692474,-2.228757463587316,-2.935642458143276,1.6402716646440336,-1.4835211645913384,-1.7922157962379748
2.9679376335792513,-4.600687121915414,-3.460521785324156,-1.1684896056779364,0.6901065954146548,-2.243462691165984,2.3617721612568907,-0.798316730104325,3.9266335288284306,-1.6754753839646153,0.013149231840483111,-1.141419837519526,1.366676255013716,-0.8524600878255986,-3.55853697324363
3.607163681942311,-2.264201102287412,-5.662542892314535,-1.5196359451918748,-0.8683368822351476,-1.3447732059442536,1.509356426558295,-0.05396697446938502,3.25736962907024,-0.12602678819920143,-4.76572812746119,-3.532025880330158,1.3703668703657328,-3.8003265044681624,-1.2529087988772898
3.2040948084930783,-4.997743531014121,-4.524514683746179,-0.8312636967183726,0.5914977661905712,-2.4212168677566606,3.208449928358053,0.28553706908813953,2.6400824192394197,-2.5262482072637606,-1.3000618583622399,-2.2006496845865318,2.2091268745572066,-1.9614568068346245,-3.327965326375864
1.2454113114948422,0.1509764491758454,-3.4076048001705357,-0.8118613508473252,0.362366960007599,-0.5948348136035445,2.197294127044223,-1.2011589479616633,5.305001714172072,-1.1536987935155398,-1.09199386125458,-0.6706313521476792,1.05246151565446,0.1541490483229686,-3.113559231760879
2.339436019155347,-2.031239863875214,-2.529286331383983,-0.6624098072946567,0.5584275839522761,-0.024424898557387387,1.8403186442400603,-1.3227869021710332,3.685323104231118,-0.9298986503676039,-0.3699183862651725,-1.8549809468049012,1.3612772470802676,-0.5350924258869223,-2.824343102617799
3.378555207261306,-3.916600321987721,-2.181207832671157,-0.46817990326200987,1.1637820234066252,0.5197313707208309,1.0453088762887344,-1.7043948208568802,4.4170860366344185,-2.864981613538247,0.06126806093773851,-0.6206838571724083,1.0408892510154732,-0.3752747168117585,-4.235723121516065
1.0569547719457328,-1.0717875487308304,-2.750903126235853,-0.9501069705308447,0.03774816135798814,-1.308813673358056,1.8021757101104363,-0.9517626803884718,5.915826756740124,-0.9341548678567386,-2.8579447462990313,-1.2006714286666051,1.2188943615091627,-1.1166761289127736,-2.8227018007176756
6.0112442688477525,-4.7601673914798255,-4.404367995090877,-2.3505390922080296,0.789673460557641,-0.5116749279498981,-0.5697326006605103,-0.5732028261738173,3.674498008095733,-0.7597768491661205,-8.12665890021602,-3.4231370673293426,0.2734492633954564,-3.9249805516294574,-1.6070675635964171
2.9821859201245187,-3.027224847334627,-2.224370479369175,-0.48241121450622504,1.059049377419825,0.663519425736518,0.335000309685727,-3.1222962503104883,3.938862249087092,-1.9248353062416328,-0.1293420878444449,-1.170924444053373,0.560827002865685,0.21132972174135478,-3.1685747887134763
4.287005086001837,-5.157243817287146,-2.618848351825616,-0.16428553695449288,1.440578556033008,-2.4296428543044324,1.2167843971761831,0.7937538704143636,6.226847143455057,-2.7408073703506064,-4.891576502405921,-0.5711224882938801,1.191999154376847,-2.9962410446326566,-3.1021406600784065
4.179323218520364,-5.334135016412112,-4.797248737663539,-1.4971794673730412,0.3793165849349174,-0.8289891558072844,2.484645922640645,-0.8166319326170296,1.3217221094023541,-2.166786603516706,-0.28246545376653076,-2.5169596485026444,2.527058976666849,-0.6339160001923565,-2.8835123732145664
2.4556538750687418,-3.8746138594038686,-4.1110982893586,-0.714285010337536,0.5475159953573168,-4.373343817255,2.119018083174336,2.678209242474054,5.983588121844514,-1.1039337809003538,-6.593245226714166,-1.8209075258086314,1.2895550370812943,-4.361897931989645,-2.7109760357674038
3.8479910069050267,-1.3960089471124428,-2.960427620351351,-1.5056873842276302,0.2601507744878939,0.9790825694263745,-0.41274586573781824,-0.7838198892991104,3.6406223485665956,-0.457563168504486,-2.6109465782783614,-2.092376811584591,0.5094413559394193,-0.5679147251781069,-2.1312206549427994
3.93224953212837,-2.5642394275778626,-3.807920745457435,-1.2612735383046902,0.19110470080678146,0.6695333223956546,0.2500167513809537,-1.2348288062897952,3.6909400494920006,-1.5745404137227461,-3.1329097052128256,-1.6834796730680825,0.7981935643399006,-1.490718531419623,-2.19327146685345
3.489182055872169,-5.266144892347576,-4.2923314608635845,-1.1302223683203223,0.46177053543516605,-4.086015000168853,2.286132594870276,0.59687093783665,4.970876790035273,-1.1702893200086197,-5.232705063372835,-1.2137814833894436,2.102547174797445,-3.210744973498607,-3.208327500853062
1.5336691165008436,-0.9956309788865179,-5.108369346671596,-1.130066664506349,-0.20702779763269374,-2.0115146647541016,2.4737028474288927,0.028992582737486783,3.904604614114355,0.24163467714336218,-2.5258732987011654,-1.107815038865362,1.6416204938689032,-2.6586961466079213,-1.8030914081091582
1.897644939921982,-2.516188372595378,-3.4308760500865967,-1.0309277072567715,0.7513229166337867,-1.0954324951288257,2.328522169645816,-0.7016512848826804,4.0283663410570005,-2.019428231851104,-2.0681869022701247,-1.2134224740313222,1.3280664646832223,-0.5078498252282306,-3.0809368554416965
3.632331831679046,-6.007434695173755,-3.7087901498087783,-0.2500310099996471,1.2737027709443483,-1.8554223687072504,1.9320714482143624,0.2826480436342635,5.324182251732844,-3.3815110342180783,-4.162542751885112,-0.4813479585852334,0.7488842384788272,-1.689388050890843,-3.6202576605126415
2.8366714524708243,-1.51437538501193,-4.873164479613053,-1.100482991977044,-0.5858066980738406,-1.4160214560064661,2.8216550336004698,-0.6016126232084668,2.5047688498525753,-0.1607544130967088,-0.7788062726964307,-2.9711042034690385,1.7619369896386106,-2.6748321619775304,-1.8224604698220714
4.368807095300699,-0.5231117820830793,-3.123860627357648,-1.2573117023934814,1.0575017614782287,2.961093097071104,-1.8046605806003213,-1.265280527383201,4.818939524949811,-0.530306685394109,-4.490744889464772,-1.758900466460156,-0.1661072472922509,-0.8208894457207498,-1.0475546899005135
3.5054751944679277,-3.44570735434682,-3.198709836259114,-0.2763412347516292,1.446996229009581,-0.050039672160783866,-0.11777997632069481,-0.3971565071656538,5.924481704144098,-1.9658702480389332,-4.9519616739686665,-0.07753547372146663,0.37425022191032487,0.06739891085807681,-3.3600464973800976
3.7144168415242698,-4.495999317228562,-3.97804088267832,-0.4210971445560926,0.46669610983976234,-2.1057609606179746,2.7371078104553677,-0.9975407129515161,3.270942226872374,-2.4003876189891153,-0.7677049219593939,-1.6575912064686276,1.9895111593224373,-0.8314522744974608,-3.6801592908570715
1.7423268514904344,-2.357001042541627,-5.486752614392561,-0.5796292715948153,0.14104977243694117,-2.898687874212026,3.750740600171892,1.6147891247510169,4.905587034651745,-2.04768248768358,-3.365541494612229,-1.4717630142193556,1.9563423023023243,-2.179029622599345,-2.6101812504478854
5.088117179495791,-3.109981889674443,-4.550473970351184,-1.9486718376782277,0.6360276421906291,-0.2671611032698358,-0.9355068566489741,0.6117343989230714,5.898019667250332,-0.42868465363357106,-9.412349571697307,-2.6197092226197864,0.5902086604491594,-3.410755082325782,-1.5544758578592908
2.0990429568819655,-2.2657646240727534,-4.514604511378091,-0.032397327898979755,0.35066365618095213,-1.997849915469832,2.7427821035005344,0.6302594734887673,3.972212830117244,-2.4262875966708837,-1.1526244736299929,-1.9167242359360221,1.5145288550186846,-0.6228023060145282,-2.985190441333117
2.4848598434490876,-0.8313298454211404,-3.6522880033635508,-1.3902264573148138,-0.48418156049940453,-1.8914639119846461,3.118060797482908,-0.062375909679467725,3.719801324436227,-0.08334678094544523,-1.7719171743826747,-2.515254976762456,1.86286432928903,-2.2193179250046713,-1.6210394244217259
3.6288770341864787,-1.9823069084387075,-6.467880879506938,-2.0526797416701976,-1.2955676931517595,-2.091400376983299,2.052107176672528,0.9064381695865259,3.4166566741033284,1.4242718610024596,-7.001734564734825,-3.9984710478005576,1.9344272366338924,-4.615258422532245,-0.3256827756209024
1.3501819648353375,-2.5723637281142895,-2.6409056584532333,-0.41080831457616596,0.3409560684011691,-1.1165341223710994,2.2079661604182563,-1.3221397738699836,5.723407037910715,-1.9288740811230047,-1.293875145652399,-1.0917378594626148,1.0487149678066934,-0.4917315919125671,-3.699585910261364
5.578945160869872,-3.3733078165423325,-4.564653747713031,-1.4192295750769517,0.9376507657606028,-0.38475280635610254,-1.2206618033118395,0.9347767963593653,5.357695599080081,0.3723568507216475,-9.930014732475751,-2.7578388481547105,0.01183079236730733,-4.054375934888844,-1.591586254748402
2.3423963427922043,-2.4592847845565764,-4.36337792228832,-1.021599642142435,0.1432801403971747,-4.049947062454229,4.1552446927987186,2.7618133029460297,4.652488964915661,-0.5459148032175097,-5.294700666313251,-1.812047727543317,2.2923960015699283,-2.5418988682125114,-2.9926589402737127
2.718150476390633,-4.657274996994258,-2.663635975618316,-0.7998349371435216,1.2750936586922115,-0.06414158750266763,1.4030949106641772,-0.9142666947793289,4.057971631501348,-2.420666294683598,-0.924685726802184,-0.3000431353072348,0.6796890365898444,-0.6958080633839459,-3.6959394535507286
2.4835362347802206,-2.553884965240196,-5.099162778366278,-0.4205675096234346,-0.15870374116384478,-2.389885955353911,3.1168392026146456,1.0643027087098154,3.747398135117496,-0.6501604568087704,-2.2178863743570982,-2.927310133825074,1.5150441818054945,-2.447138202748444,-2.420723959272142
2.1880803387589847,-0.9325126049000327,-3.0364798352301077,-1.0066213884704214,0.4639986732538758,-0.2359903448332452,1.4316261996463466,-2.637729827244901,4.10540556040106,-1.5704306364151754,-1.0590900486456456,-0.9593481854511314,1.0078325819864744,-0.9504246486117878,-2.8625584207758807
2.0667310947542727,-4.079500262071042,-3.823145244052271,-0.3579741907806816,0.4719985221406535,-1.859404456663592,2.7242554417703713,-0.14013388716001618,3.6183422540617984,-2.0116190765092523,-2.266255200916161,-1.603596950417043,1.6709429256583248,-1.4003851027210559,-2.215196137447656
5.652787631458795,-5.329548633299321,-5.43872275949192,-1.9109616441889428,0.5210479015761706,-0.6280267186306606,-0.5029371394153959,0.485192397879757,4.493122317787217,-1.4735816769410959,-8.240076441410956,-2.9584387859667323,0.5128764150457417,-4.034265479960359,-1.8308184582016807
5.659405652650497,-5.7409067778858685,-3.7065727387795615,-1.7544794165107782,1.0693514945174383,0.18674379715296974,-0.8803118970128185,-0.5612411242111517,4.960722177061518,-1.019319718360541,-7.275319745836386,-2.479471320363424,0.31925607801714173,-3.196108769659147,-2.2073329717457653
5.1705276079622235,-4.41049388543804,-4.363695786103935,-1.5005515545602202,0.9886528409998395,-0.711758037560112,-1.0232264773392323,0.3809182036197247,5.469565339049095,-0.98890584369037,-8.551689252920527,-1.6462198133350923,0.1418976622009538,-3.909018798468113,-2.292386163975392
2.325053644120386,-1.176431977234102,-4.684436597004895,-0.7404611416190399,-0.4987011490838834,-1.4666116121060273,1.9109064050926476,-1.1428256441758788,3.7453433890871484,0.38285762700024595,-1.3710868453248701,-2.4465944705017595,1.59933117142428,-1.3352884920447958,-2.680394990821543
4.003281294969018,-2.158368065694496,-5.272722907342475,-1.8195864615133817,0.24756302338202357,-1.851307465196673,-0.08990227128443862,1.6842407835068312,6.342357338760037,1.0810103014983927,-9.421746904780159,-2.510649319400285,0.7556587063183096,-4.995127624788994,-1.8425654742615252
2.581903325800515,-1.359715233157942,-3.950325907378129,-0.9371066851660641,-0.21075356586104288,-0.8637764829510773,2.4841414340280403,-1.5378819356866842,3.2719398556711727,-0.9911973826666669,-1.802550992594437,-1.8771765702075622,1.5846899591274304,-1.1167188000431296,-2.688347002986416
2.679321999408655,-4.165606650211736,-4.406975317845199,-0.11950113273009988,0.7387063018635923,-1.534783461428447,2.6299411619342683,0.3565979952469021,3.69254254894903,-1.781684466974059,-1.538706990957671,-0.9809333496027501,1.8480921632216107,-1.4965140026336161,-3.631244181657707
5.154059074295137,-2.9849882103596577,-4.8106907327106505,-1.9878654248833967,0.05190149233299324,-0.8705946872933699,-0.06081775396968925,0.6213779201453131,4.364647827951492,0.8635038719485042,-9.1376040016069,-3.9011461675655714,0.2534654048634969,-4.618776076080037,-0.9497529149617967
2.8022728669586554,-1.3369221807359946,-3.3152113723231404,-1.4970380865370019,0.23207833739932557,1.177989795416484,0.43232403700838007,-0.894546227677139,2.8349219490767714,0.710307596986103,-2.8107872812589587,-1.3830283311236466,0.452732801398365,-2.2688695219837816,-1.7345466607320144
3.16744174287383,-0.6825111096749357,-4.447755819679523,-1.7352839702338052,-0.46494040797817304,-0.6023032336030376,1.1048923671291642,-0.30283110674322017,4.114458848430817,1.3835185618950225,-4.523547501750711,-3.297536499709292,0.6486018398719664,-3.344029131664514,-1.2880076537834877
3.649825348583496,-5.290947996749665,-4.015184516924631,-1.0168200134362806,0.5053502863089427,-2.982512978139409,1.332604848750433,2.0346633038766013,6.472790607239979,-1.456996071302747,-6.320613443656599,-0.988753717611074,1.1615557025041963,-3.051490941988651,-2.8917297924617005
2.193525739501471,-4.120058645669776,-4.338193660210227,-0.9913194160935512,0.47953855198026984,-5.129848471551423,2.60185035932723,4.236799038610933,6.8596713060768195,-0.7954205501733042,-8.240353839457132,-2.056600079439978,1.2740275863001194,-4.676594869956084,-2.482798921453126
3.3559335791184632,-3.5974961760323616,-5.017607914335008,-0.6323584152864292,0.4303543141834052,-0.9783375400245803,2.268541660810076,-0.37148510309440896,2.9357433461789277,-1.6713881037987763,-1.0453168047274115,-1.461846414761295,1.2677225371487855,-1.2732152220704827,-2.754375034691328
4.156016359121836,-3.1900464112205262,-4.630738540770837,-0.9702967731525604,0.17546993080604226,-0.5226545947032591,0.5919137151295072,-1.0783771932304544,3.6608788111682795,-0.7045054695729718,-3.0833737382508764,-2.182826901468989,1.5612227348643504,-2.500222679014075,-2.595604511120591
2.2687817854880485,-4.041259640549819,-4.885653263851485,-0.5686565178280623,0.3967804508383431,-2.392476292409757,3.4663025677891817,1.8922875296682324,3.67991775625217,-2.4692791653596955,-1.3942149716502996,-2.292002015944675,1.8067826517991699,-1.7732271271793514,-3.0583425175698635
2.892673944564618,-4.659131376167261,-4.592052880367614,-0.4696336572291533,0.04320129487062058,-3.1048579339630837,3.0779296908889187,0.07553649636933879,3.4444667303555705,-1.5775871721024441,-2.3489799402834772,-2.776465787635476,2.2132070767992307,-2.545030923931886,-2.6835877560974595
3.8857179276176983,-6.312883510160934,-3.3646443774114365,0.14885214400630886,1.2744920771904464,-2.1358044477240883,1.653532509922031,-0.42824151553635886,4.6091562503711705,-3.9972958916319525,-2.7393850096664227,-0.13781333732200673,1.1814118308919441,-1.938819127379889,-4.1150811845863196
4.598312200785484,-1.0024898637479032,-4.411689155570998,-2.0975419348806668,-0.09583741754549996,0.9286479561771275,-1.0127630697775274,-1.403189911093726,4.51166718772126,0.09432167791197865,-7.5440803928957525,-2.959843470510208,-0.011923056013779298,-3.294377928135125,-0.9834768406134855
2.069476225233964,-1.4142787818986178,-2.372049808378452,-0.9065061307235815,-0.13592476134079595,-2.0316915740256896,2.275151325506526,-0.9598859328889096,4.542507461789283,-1.4018610178224868,-2.5986437904818214,-2.2013859183032576,1.3090261874106381,-1.5210061714886067,-1.7195374655439117
2.1505182507828655,-3.2380506484595375,-3.660928325199092,-0.5532060850257535,0.6319286900731848,-0.8786376092985821,1.9755122927879258,0.6224329394219849,4.280117670609146,-2.6679766347763225,-0.8344312919239032,-1.0814371092336486,1.4858653577655363,-1.074404391244133,-3.891855849284801
5.045640758667192,-3.382024488122652,-3.4707278247370277,-1.3007754282007382,0.8204527980871273,-0.44781029770963765,-0.8118201940669612,-0.18685026251801734,5.061531850499944,-0.16859453971694893,-9.0756044517412,-2.4212983802862946,0.02839383129728157,-3.871522661132425,-1.3826606264382866
1.708619500277836,-1.6895260225011968,-3.693715400627996,-0.27328484555120336,0.37583009839991155,-1.9427488322566258,3.076809060578995,0.18874244925263953,5.202969904503997,-1.7396870699226956,-1.4432842302134916,-0.42771286257753394,1.436251133500524,-0.9619294374653997,-2.840511946109516
3.069986217496712,-3.771619054359461,-3.9303430701795765,-0.27737326538957596,0.46950632157410666,-3.701515466834997,2.0189581494793845,0.9142914266472023,6.566325578279077,-2.097361472810247,-6.2044229783365274,-0.9468306800030246,1.1095452707977675,-3.2729507743503907,-3.1165059291899975
4.927180492509583,-4.085900204779577,-4.33344146150825,-1.1460989660349106,0.454514460006274,-0.5725606295915919,-0.9435095308122476,0.6482358371431537,5.2597399071247235,-1.0043705893654438,-7.783746841464515,-1.5503685955469175,0.1250020219098743,-3.962134976822853,-2.181317926088308
3.9963585573801463,-2.968858031401993,-3.32197105407357,-1.0349988814845417,0.7835790756883023,1.941930429315489,-0.27378906942407455,-1.4960827471316145,3.834379331870676,-0.9261901009801348,-2.005656323445736,-1.8615707436109636,0.3839880136845667,-1.1784382816697827,-2.8456713205345823
5.431412497578509,-2.8357630388680914,-5.245355647969844,-1.2748834824898188,0.5074312133245749,1.89013704902816,-0.8926820546325924,-1.992287319505615,3.683724015944182,-0.8178805531814988,-5.535970142353619,-2.79328125577403,0.13150218919102052,-1.8576847112872925,-1.704942526521425
3.6207468861090493,-4.96511268531873,-3.3942311739164808,-0.658928163603436,1.0379784499556073,-0.3695644308557501,1.6489250547010381,-1.4466400895561724,2.6629323707926624,-2.0690158251024977,0.059190796008302016,-2.0435153301579536,1.112836178143679,-0.36890836829663876,-2.771628591705857
5.674603823766043,-3.0937420399664015,-3.66941190384891,-1.8295845623037508,0.4293228091676179,1.16145644066075,-0.8648965263459205,-0.7261772950500708,4.255728421711462,-0.49571358833616175,-6.265538583227724,-2.9976919992764017,0.13724681899497337,-2.5200904511622184,-2.156854113202388
4.0793474329792545,-4.074570487013668,-5.776769008973612,-1.129577525755499,-0.3694290842921263,-0.9822134509235159,3.383049312969302,-0.5960530769379523,1.3484896909745467,-1.140124803427431,-0.1329933722188379,-2.1803991946055183,2.4033825200333965,-1.9157198365835024,-2.6726821232658633
4.243860982255329,-2.686162734884869,-4.825842291129464,-1.2224644361784098,0.3649929949944382,0.8139771898465034,0.5515904256100306,-1.8614763834111498,3.476904783489661,-0.9911950703580071,-2.8991636103262035,-2.598960023280569,1.083388422225589,-1.6386642940725795,-1.6547816997630456
4.0965892786735605,-2.572810104921755,-5.718153355672845,-0.9775274145339607,0.27281112548486075,-0.1918673711602763,0.47331234406034284,-1.2075639029977192,4.272119391046327,-0.4853926878809512,-2.6672111612457248,-2.0373230967653284,0.7585251363785441,-2.009183329648444,-1.8639213673753827
3.0690524587527808,-1.4502911167392254,-4.110362801522679,-0.9157904641619934,0.32946759532278036,-0.12575441500354945,1.3662808088668144,-1.962964830859892,2.912046840467669,-0.6407029557093491,-0.059141970486768614,-2.5776096602727483,1.1922041029879704,-0.9582643783087532,-2.1690540975312507
5.201504096215466,-4.786887939571128,-4.976023245102195,-1.4045927641077047,0.7411447076376834,-0.9864849061064246,-0.5731611379236763,1.188585506262391,4.931195262497209,-1.3105545883858316,-6.9058621956433095,-2.219905367959373,0.4414079335367965,-3.5774073688860937,-2.02745651212012
1.989206136732138,-2.615885376403525,-3.8538155737641846,-0.32386835981512796,-0.2849218971566082,-2.906780049412978,3.435079994936065,0.6075182678372335,4.110659678654488,-0.9285544818062602,-2.390200604416761,-1.720389326125685,2.1983718595168105,-2.329418345099245,-2.9762607448849066
6.117065435222528,-4.900295498528893,-5.756764602046539,-2.673044264292894,0.02986880525549024,-1.4199357039176952,0.8623814892825785,-0.0885598034036259,3.258587223737449,-0.34861977326784466,-8.417068689235707,-4.209458275782861,1.5009877811814047,-5.084732150861415,-1.2234987937877178
2.7507545590416944,-2.849313887674846,-4.424364802579146,-1.371813352434684,0.27189914307489416,-1.5856801859959277,0.7016885872832258,0.6658774308950345,5.4478215124327845,-1.1699813624771584,-5.567726178251068,-2.3882914202623935,0.7626193049303165,-3.1170096753740704,-1.4903221164182492
3.209048572485557,-3.7035809494932286,-3.042880214379338,-0.741219013519713,0.49586388798196535,-1.4183991796236546,1.8864706518817307,-1.019784535484643,3.9825593494830653,-1.5538523648557585,-0.9130288963484134,-2.0297176056980617,1.7838702449923258,-1.7140786970587585,-3.4413379887445483
5.496388571215881,-3.1382814140048834,-3.3960792320110134,-1.99475274547805,0.4275474050389225,-0.7471749094189657,-0.879987994016219,0.3445239581001937,5.186065898896342,0.09178548705924539,-8.213771183333016,-2.600668975310499,0.038585548141586434,-3.8516508601547574,-1.6349946799504274
4.141316922241749,-0.8425112198073141,-4.6316101924050805,-1.7137611865556912,-0.2700133800486967,-0.5046352100022502,-0.8001278247212258,-0.5518139046569583,5.312440798477793,1.006831613268129,-7.77140777128608,-2.9939585222453724,0.35265803045188615,-4.019237633592631,-0.9498050474940765
5.583507401195149,-4.368225856612995,-4.277539874821625,-1.886724402815943,-0.009619666658525816,-2.217332930678168,-0.0597308253530362,-0.07165859828668752,5.636113812224066,-0.10892979890482757,-9.233226724646762,-3.411012797070434,0.8582557523927306,-5.380384430330391,-1.8113452275758477
3.152791742238074,-4.5818941138827425,-3.212098485829684,-0.13230698442177513,0.9521759302960099,-1.2622638684252272,2.6766959245134387,-1.1823786102304923,2.635341805438639,-2.986955278157437,-0.6060421836867431,-1.3715100866615237,1.403939719029698,-0.7967107405888476,-3.3752600554260503
5.12922457363271,-2.815570586543188,-5.42882051286674,-2.205246007878046,0.3053263873473781,-0.10100955711469961,-1.0026456115390685,0.5704268664286627,5.350670332782061,0.7596792353949637,-8.682890474741477,-3.027604583945923,0.12630297479500108,-4.213398976753873,-1.073314050876865
3.4065680677014853,-2.0375541745705203,-2.735720082181723,-0.4544076224862119,0.7210526701200917,1.1350762470052405,1.2902097330524436,-2.3531850093156295,3.5013605770645126,-1.3705407947285972,1.1984073686669756,-1.5217886910672294,1.0146555330111402,0.276654516783049,-2.6968880301984712
1.4537760251261491,0.4692222181325154,-3.6821107965397863,-0.8579682328713992,-0.00992085542925597,-1.4021530548143428,2.3963462431971427,-0.7813799339936884,4.909473726248393,-0.06801410142105135,-2.1440177718641458,-1.6029947731794927,0.9751937011811683,-1.6613629280122786,-1.7565213107787931
4.357808083366292,-1.6350813950281071,-3.9124985533612953,-1.9507835756249687,0.2847075376835437,-1.1947923795467261,-0.903352417426122,1.1730444334208188,6.357289226191861,0.5215021904421893,-10.067944346777121,-2.8592859634544796,0.6023084380799106,-5.602469265182892,-0.9018797355635051
4.132583373412843,-5.729569319227226,-3.975285256011391,-0.5676621140479071,1.0075494234591504,-1.9932113577513533,1.8266145180452074,1.340037028240946,4.93597256482495,-2.5994124199984476,-3.808749742569051,-1.066468060860537,0.968244452120235,-3.0103865634731353,-3.8218883488423896
4.38769023039703,-2.7109171076182714,-6.015875960400639,-1.6270657555370662,-0.11320545108345609,-2.1584653224291546,0.514908106536274,1.6236700830225974,6.111652819382149,1.0736519102167086,-10.834567813050914,-3.728335651796069,0.6680142321912328,-6.201009241195789,-0.6125922844713607
3.2877501846546897,-3.4271405709119853,-3.9346136570233656,-0.32289036932231385,1.7728684250199742,-1.845665714638484,0.1803331899269871,0.46943419775709744,6.612726631760971,-2.266160469216687,-6.2466665525637906,-0.15389506877583004,0.30881643237727563,-1.9872800992462523,-3.877997291989132
4.008806203135223,-4.252167618804368,-4.460581515728151,-1.127825752902064,0.5821525704476647,-2.2611546788745245,1.4606965498234183,1.61523850750015,5.388263700333681,-2.240977403145613,-4.941064814806515,-1.4577588399178323,1.0109916158391392,-3.520946285822328,-3.1485903664310975
3.4478265108839916,-2.1475632730743794,-3.8289221140731367,-1.9011532057935765,0.018691585251442155,-0.6725787939056654,1.5388878890853621,-1.0758923838209118,4.371275284117931,0.22815784048574805,-4.416604512268669,-2.4614350126544244,1.002236775663518,-2.914460869511533,-2.0274742515816038
3.4017552162301072,-3.407627139525827,-3.596301775556951,-0.5498162879405409,0.9543116854089506,-1.7383375870190099,1.1798274936664004,1.591738430443351,6.05970844893184,-1.4816829275118297,-4.972325930809051,-1.3191193647645982,0.7853199704252076,-2.1251637127309104,-3.640379124254702
4.674019724924537,-2.1146116878927073,-4.641359738468919,-2.0101494153660275,-0.2811127033204298,-0.0018074139227906016,0.7138310660772497,-0.44885649746359835,3.1406578357773824,0.5378155280877381,-5.028825315030438,-3.2678044188515294,1.0341847761231342,-3.039572372398106,-1.049381209934241
2.08771449367641,-0.22702213288906226,-3.6841586093946765,-0.8141104648805523,0.07396299869832423,-1.5805428224854443,2.284523497438323,-0.622564274092386,4.524105936089975,-0.17822765514784888,-3.050022166005607,-2.0196226166448983,1.5551929272552292,-1.286467199962963,-2.5326023597226843
4.291125502226361,-2.338128798095224,-4.095971907682978,-2.068553276524014,0.6248533308481059,-1.4172665673112044,-0.24143073257001557,0.8439998728229205,6.563324740733467,0.46807139554387156,-10.412558612195802,-2.616178171353645,0.9892598624536637,-4.796681308976206,-1.615543006711687
3.500209787536669,-0.8106933919349872,-5.138475851364552,-1.5841463405988137,-0.6004644605128623,-1.0433089590093874,1.1679842642687919,0.6492548428598659,3.7226809589064747,1.6542924121560203,-6.172638645342616,-3.9962341405185176,1.3398544886219816,-4.967417967128306,-1.449310535777323
6.165781220880978,-4.6229004555468505,-5.145595214661692,-1.8378708561262451,0.5399293395787349,-0.43474255786635685,0.1368253275978326,0.7116785469904928,4.332219752419064,-0.053702176728023465,-8.730564845566526,-2.95507288129155,0.0085875574896348,-4.74871805700399,-1.2373774300466276
2.6814990275007045,-2.88382185903918,-4.000436747188402,-0.8654109268581137,-0.5614069881201774,-2.0047129636570222,2.8634065158343667,0.196387886773551,2.290889567950187,-1.5320033435801335,-1.3964686622182563,-2.5643963426470826,2.3814290932014255,-2.2064858474094615,-2.201311486716599
4.14748397268881,-1.3188534226725201,-3.835658227127804,-1.6680706444914908,0.27832051291692683,0.1962317550832957,0.1203489043695325,-1.9803414581764844,3.4785066830685363,0.6821891137109808,-4.096129194264099,-2.381334388030278,1.029885635413809,-2.0251886956784237,-1.2386066042717192
3.111640443392081,-3.2524218004112475,-4.242874615495158,-0.45175983462214775,-0.18955096086659928,-2.6097311487626396,2.616708850902461,0.9417500085870347,3.7808236419705903,-1.3673376016899554,-3.7355502447343447,-2.4394830771166496,2.007432670940759,-2.396145876312915,-2.419577520876816
2.9019911084807126,-3.4909494878683525,-2.699446078150557,-0.15190284697939227,1.2980151585680573,-1.4558483624956808,1.0339003285234092,-0.14453736923694668,6.217456144438547,-2.018835562443038,-3.4572714507328124,-0.083872625099074,0.3515117083016722,-1.8315291237786189,-3.7218817791038252
3.133992340079981,-4.735508064093194,-5.368966279789729,-1.0357113253926922,-0.40142108581631675,-4.339547239750813,3.7082590726301072,2.3074310305738646,3.88940971496586,-2.3596016364045163,-2.0188067881386917,-2.474876537024763,1.9898773950708122,-2.9483708989466955,-3.055334161529402
3.605578469091686,-0.7070115113414723,-5.402194268342831,-2.286174324003701,-0.6863678529801902,-2.4096280601621567,0.18970879424680298,0.9358593932060023,5.647883861044326,1.8444565933132941,-11.235486951215123,-3.8352788708988035,0.47558959237098997,-5.151780557018775,-0.3663783610445741
3.4663347650862626,-3.121282747594471,-4.912134062014044,-0.8783078448541644,0.23956382686136451,-1.3238160682862918,2.7836520593365286,-1.4300624210119934,2.8285934280170957,-1.800982078419087,-0.618372925537908,-1.6924043221329825,2.02192297277316,-1.280808463128139,-2.526252041030326
4.305744932229932,-4.056439848130207,-2.3291630547314406,-0.3439424489505004,1.9946583298423177,-0.21973921459292267,-0.8452578987521866,-0.3301755370983053,5.907319416549078,-3.4123789299194085,-3.5493718521932065,0.5110747042914467,-0.3720095093988809,-0.4202097749267262,-4.548836757114509
5.019271478783202,-3.242539467601102,-5.1613290120487285,-1.7186786493715833,0.1296321967503241,-0.5464515190598482,1.2506272339158127,-1.132938149519407,2.5028442148746874,-1.3180934639677826,-2.869420551970677,-3.750236639741904,1.2511319761773256,-2.0056679331199216,-1.7104716069551555
3.282518293180384,-5.459578847959307,-4.515014301676089,-0.7622613865840004,0.36101569358711794,-4.096628126020416,2.248451426742455,1.8745436615872517,5.9483796550130235,-1.9188345515525917,-6.547921127513495,-1.1682740902109838,1.8421077094204659,-2.796810965608068,-3.4690672564992635
1.440750723149037,-1.5377518244520236,-3.508221051016832,-0.8676376202514783,0.06039295424331642,-1.0356159398026947,2.322305858558088,0.43919567327921316,4.619576647954499,-0.7288741477049343,-2.06287728597121,-2.012656523164774,1.6857027244083793,-1.9701960200029334,-2.5106677031821008
4.50503038360409,-2.801082303912482,-5.1017008523120575,-2.683839140699015,0.04463915934411494,-0.52170965268951,-0.34597710208293253,0.6166091789214805,4.675399170386036,0.49426627526438893,-8.473763893524836,-2.62137539749825,0.13530235738003804,-4.638761602596404,-1.261846472830226
3.289894288886486,-2.2285737837473474,-5.265318895759032,-1.3340492332010874,-0.2951430567961263,-0.7384805082348189,1.9723570981518672,0.012472565770488893,2.6033898568766087,0.5552350354604714,-4.35407858779772,-3.105145389236837,1.372826687555178,-3.314146131866185,-1.246378946312733
4.05582926101305,-6.327088395174746,-3.2416994272353454,-0.03895510455066664,0.6648990714189155,-3.147839811878194,1.1805654490873037,2.139230362456384,4.8899168536778745,-2.7909933160860705,-6.172237184739916,-1.0746492828796241,1.4410018199590473,-3.8836166104245566,-3.5222477968306802
3.195613176521179,-1.7975561258220616,-4.669524886182286,-1.7074554160786515,-0.22693565500354484,-1.7644950068872234,1.8828197335384425,0.5428699637370158,4.571522501394633,-0.15885645308752927,-6.395304766783195,-3.2886883286258297,1.099106890258413,-3.2306133760297664,-1.8158195491041398
2.355188475345632,-1.6024554759251304,-3.518658839018934,-1.1083609310764146,-0.1105598833654795,-2.010117551263404,2.5945476142242248,0.08903733173246,3.2246989515297813,-0.33073202406524194,-2.257174674836353,-2.7815719673717316,1.742814271362822,-2.0775326755611,-2.21850010322353
5.366121802302873,-4.298253172840913,-5.500977195751913,-2.4399102440301736,-0.11222984753571075,-2.535562207510196,1.246546368424703,2.383416007764354,5.5145874305947995,-0.5004026975628426,-9.531550375678393,-2.6723769420407173,0.7455601987544755,-5.183708949404515,-1.0631618103615714
2.2180122897680152,-3.1766036676791343,-4.462335557401932,0.04763655689522239,0.4600928063441193,-2.2640632531842266,2.8186998532579013,0.2952530865857952,4.273455147519379,-1.5653848910479404,-1.2828915477051712,-1.476115799914392,1.363915759094811,-1.401561616167694,-3.6837162365899685
1.1002449944465602,-1.5330874551413423,-3.5985014697746,0.10930495189221356,-0.21654253791818623,-1.8657653357241368,2.6638969237252113,0.9293775832318527,4.782872233688426,-0.43174429337888215,-2.995405536656828,-1.0895225373337438,0.986546876824698,-1.7692181905081223,-2.539617595104804
3.4521466715858047,-0.4285538940619791,-3.8386398989223856,-1.8120365590605205,0.28421096384584016,0.4132396606158453,0.31995598586778373,-0.9007192214771278,3.83545250597557,-0.6402460209469472,-4.561555557891345,-3.4682559212636375,1.0777932822645002,-1.8203337927205228,-1.020973308590833
5.62011085668855,-4.7824797740905245,-4.6954253864415785,-1.2482702331333686,0.5491107382503803,-0.9471939422390236,-0.6636285703389273,1.1003542760750427,5.562163976451718,-0.09472099381321175,-7.261671906359094,-2.620351930035676,-0.31065932938923146,-3.884879035964639,-1.4727082424612867
2.4260952098912334,-3.582531185452156,-5.560025690366867,-1.0990582843357068,0.05284604391515568,-3.0673836338384826,3.958793593495198,1.3977062786365118,3.19455530714151,-0.9023631275999344,-1.7296960959875651,-2.7519923833929107,2.439410574117159,-2.636344743357569,-2.4224055200915435
4.014894479367088,-3.54161529262219,-4.572508669583069,-0.6791054754330184,0.24078341089527316,-2.304299392137084,2.855361050615052,0.47671930730881373,3.183616677032935,-2.25499588471882,-2.1397458728221457,-2.1342347067958616,1.6983308413163472,-1.8821403287404421,-2.744134893432315
3.8831592828924055,-5.845672285444897,-4.364946564782726,-0.17300678396491387,0.6933533356958991,-3.5778417572052543,2.163146584344158,2.568630357570829,5.980984894440922,-1.7793165061818115,-5.501540551510737,-1.4075104590006688,1.7633389701811026,-2.890036136329019,-3.421706341554904
2.7987288697458346,-3.4745967951914336,-3.0669448191424857,-0.08920359092354735,0.20775927858935395,-1.897076883439389,2.9447144481612577,1.6119474369055582,3.7996467173842348,-1.1778512985522862,-1.568070608787259,-1.7335542983374632,1.6113014154865717,-1.3532518424005218,-3.4649577186847775
4.3374311929089675,-3.0602072198283254,-4.16704774526507,-1.470287163700008,0.30517208259549433,-0.36348337065009095,1.0528587079274299,-0.07149608863637608,3.4471491652295487,-1.6183698545985394,-3.594491243760528,-2.347894322440245,1.355365168174688,-1.6276605480673094,-1.636308615120667
3.0493968891361742,-3.1061852290097693,-4.366818914635662,-0.5002564203814001,0.6034537955830248,-2.047345021350573,2.0602054545432917,0.9958758210459165,5.546779770664216,-1.4348031004919262,-5.258216160695996,-1.3257388958390912,1.2589276513119383,-1.9050934702288407,-2.905996182049476
4.626062807452866,-3.1009003787683627,-4.500691553614395,-1.9583717136151022,-0.7638275342383747,-1.2176576767146783,0.2540672227851837,1.9222994350508733,5.739944908943453,0.9912812660947485,-9.507884114541863,-3.5516451392873503,0.3683722191798605,-5.435726668872308,-0.41453345097380057
4.469937330378169,-3.2060336230394495,-3.935615188165576,-1.9167295116302014,0.24265740253448248,-1.330007377206878,-0.5676953612830344,0.2749511971835826,5.795646610335545,0.44727326232651565,-9.42640629280282,-2.2199899637523695,0.5930613996161984,-4.123843399711826,-0.9848146853033737
2.2607826206561157,-1.5034203550448,-2.9869892256426915,-0.43171990880877176,0.9046448265742207,1.0427448916515267,0.8112989731698457,-1.5824664360407579,4.3607641918296025,-0.8867682006299238,-0.3112378835771912,-1.4394311846180767,0.5453975919511095,-0.014612543564524572,-2.8023873567252164
5.565079249929909,-4.186121945051777,-5.062206276158054,-1.9159373929617478,0.08980988194777034,-0.02299783441208003,-0.6118684506147936,-0.4026789492147546,4.345990431492985,0.22778267701073207,-7.933513517552649,-3.3005055191650285,0.5417835748075717,-4.329531782706707,-1.7205898126352352
2.847435660833538,-2.7704961787962232,-6.034405217744523,-1.562647322807399,-0.04357424816184724,-3.2543366367086106,2.071036457462061,2.7803379289716053,4.662058390089982,-0.00804694200216971,-6.528284771683662,-2.6642194617075585,1.8766723445929794,-4.48534041511499,-1.75968977031305
2.3717980632957065,-3.63920689098141,-4.613262827863426,-0.6302158268943772,0.29573795099832256,-1.4486728285688935,2.528920421043294,-0.03613669265245732,3.123424557450714,-2.0262831277524276,-1.6455514052395408,-1.416269325514631,2.169507018451025,-0.7139649214314587,-3.2987866295822093
7.0854670992620505,-4.769725900563446,-3.36123729006811,-2.2999430524217352,0.8136320272290793,0.9705682754671061,-1.507061267058598,-1.1933855625888359,3.8918754378557825,-0.28549253098246985,-6.42922326328716,-2.653239715545967,0.18698631138138955,-3.431621541119461,-1.9100903376988634
3.6037416155929978,-1.1997597284423962,-5.107530297162423,-2.085433279700138,-0.9295075925643392,-2.2070150371200383,1.9008357637020092,0.7475058184769658,3.4915020225771682,1.2421354170934125,-6.345130993495998,-4.166902608503238,1.3486979666691916,-4.503216500713969,-1.504908570338256
3.818201529089124,-4.089639559257341,-4.079073616336562,-1.497193543694253,-0.02095834919073225,-1.913802749336929,1.303280733203069,0.5059524929866486,4.3220180138181945,-0.7855920426612671,-5.803758233788469,-2.935727163797052,0.9682489132426352,-3.4889925592197004,-1.8544409811000784
2.1053799944230516,-2.246724427326831,-3.4641862705346975,-0.40056797586177795,0.38874070996304233,-1.2624764374265114,2.8631005773235216,-0.4750594877384018,3.6238372587393446,-2.0512790786454684,-0.8241342376123137,-0.7354126171219926,1.238432717888823,-1.641867145281797,-2.928431263208476
5.481046339598638,-3.6728331130762344,-5.920094946637342,-1.3658523925602803,0.20013834696492652,0.3374766007195187,-0.2927536688754957,-0.21964673200804308,3.202243728921871,-0.24786736704876333,-6.092956069185117,-4.249474349700886,0.5505243263327023,-3.6418002613188,-1.2897422390949402
2.944128080109353,-1.143330976160862,-6.2454107874684635,-1.733525715191845,-0.5899000515983321,-1.4531640422584373,1.2185976209138207,0.04159746909551931,3.878479300039096,0.18407255286049473,-5.443648278636354,-3.843397283816307,1.1274222099944087,-3.984429269436072,-0.996561029137595
3.092337217532445,-3.3551101978187665,-2.90553533950862,-0.3642491943236742,0.7326921418790724,-1.9941910980583621,2.1623536894669484,-0.571753301380377,4.361583111821999,-2.3827627649266665,-0.9705440301628254,-0.9435593796167274,1.6955155178046817,-0.946574981636854,-3.093746056315041
1.7676356294145406,-3.9582015167074567,-5.810898231796394,-0.41655782390028195,0.09833419258751833,-2.84809901046238,3.3633372494224942,0.4961538664810188,3.83108848025651,-0.7779835635928717,-1.2918476766045965,-1.3315540300652962,2.1338301420974486,-1.6687694436611604,-2.9216963539427523
2.8218015259097586,-4.191199328785778,-4.076760001533011,-0.49874529433784254,0.7064694349722425,-2.7991850714698003,1.6554436608717944,2.642000551614634,6.120921404094489,-1.0893583212225137,-7.028211448255323,-1.062790693958674,0.6721037818150315,-2.3865734125692772,-3.2107106959037637
3.5884027420593534,-2.003570534236793,-5.730781010412238,-1.3819432590859058,-0.12846603574034893,0.07172143500950678,1.231430461982164,-2.157443943795481,2.8084705334860733,0.6121212328842949,-4.371987706914733,-3.4469972592488816,0.9374935563757081,-2.463068116348901,-1.1179856740864738
3.60371812905364,-1.305903960083942,-4.675372935299745,-2.0745334112492597,-0.24341015626812867,-0.8476755314790035,0.21957766278594848,-0.8004042219189791,4.521432080626219,-0.10053123710273104,-5.486989782047489,-3.0221889233831423,1.2919141358480275,-2.7826009480899034,-0.9246526968131696
2.216214158721529,-1.6923547648860182,-3.973324587201659,-1.0590472877299077,0.26784259443526415,-1.223758413281688,2.1673502051508797,-0.7774495576069896,3.6299004743177283,-1.4040302709498858,-2.2470348763325276,-1.3580307896000474,1.2764148723745243,-1.1332905932175772,-2.6319989615354173
4.022163098211036,-3.322684034987928,-4.5352255922138855,-1.4737317294370205,0.3559476293918412,-2.2977601267736043,-0.12966663574842952,2.108563855493441,6.420433623758849,0.14433834990658867,-8.689396204424295,-2.7642924535411053,0.5488023578577048,-5.314160468965073,-1.2595519411515677
5.526100223945689,-4.019683796847501,-5.392924623616289,-2.3703693943995177,0.08283295178523703,0.6600014828047782,-0.06317077565232676,-1.1092221166878322,2.203820689804903,-0.6299446342886317,-4.674117079425645,-3.2712679755870586,0.8314241952604495,-3.1460938977031594,-1.769395147892026
3.458916289457145,-4.216474513890953,-3.0360904949214067,-0.9406242662549452,0.15770551156699975,0.207017644825791,1.8254106921695996,-2.4817523365571477,2.854178255944266,-2.360721990625799,0.8160980387208241,-1.3369322896839342,1.4848640564081164,-0.7302549493843105,-3.2459592247302
2.9863610578035504,-1.7782802844699561,-4.499719278550407,-1.4721606210355955,-0.5331110963023997,-1.4470368292325293,2.5258371258827275,-1.270323431036201,2.3857821849004806,0.07823313985176772,-1.2597613281686146,-3.235724367443208,1.717022499362003,-1.9510461819967226,-1.956485690836888
3.8024618996390043,-3.3090508158005,-5.466138832452191,-1.230929271743518,-0.5109548637350516,-2.069688014165669,2.9019330895540816,0.0904522624382428,1.662176839833482,-1.4779561867331252,-0.8633182215828281,-3.3710312717420927,2.1011560871399837,-2.6881372795679006,-1.6636176781339296
1.3231177530460752,-2.883768099891676,-3.853447221638432,-0.01173209263753483,0.3606786108689031,-2.6136408676823275,3.3790471269739517,-0.5297579944506171,4.407297160480047,-1.2766271322791714,-2.2399399615269573,-0.8888834442553286,1.5598343783585078,-1.1529758424549785,-3.598732740425466
4.2802386304748365,-6.396395291098643,-4.067814556356465,-0.8424827556230019,0.4565757273673894,-2.685815522675984,3.5060083776682403,0.8391936746737713,2.655335773722337,-2.3925202079641186,-2.5112604191168613,-2.4554011112507084,2.6797691207866845,-2.7048957396602393,-2.927808236933702
4.470150633902257,-2.3959955475201573,-5.744703688140682,-1.9172450091692443,0.48613283721941486,-0.04924652706002197,-0.14390784994420436,-1.2671750160797208,4.23647205206377,0.1586995716054993,-5.651652038271522,-2.4492579037227213,0.7988482049435899,-3.331498798681732,-1.6596885700380282
3.9314672927677368,-1.7350161803003001,-6.14248843499614,-2.2495365396045983,-0.6907037677036663,-1.3453043922888188,0.9338228652674669,-0.7446530748072988,2.9385584907198634,0.362593594334371,-3.7741846755718886,-3.5169035599215164,1.3344148712413566,-3.1613708501265125,-1.1969842847161605
5.048421458962699,-2.5070183952124507,-4.634719865450271,-1.1989483240183205,0.39645703036020025,-0.4866531535152582,-0.5665996730706904,-0.3223623342851331,4.96262661259844,-0.1603495908225856,-8.567075504931433,-2.9719457566113965,0.5058633684616979,-3.8778008897832033,-0.8200999471901345
3.011330425331619,-1.9860571867003296,-4.52459794311772,-0.8190592790852447,0.24419295651822648,-0.300182527171604,1.9963094731430486,-0.40357026885335195,2.6476360621434853,-0.8167117268243707,-0.40501717577311913,-2.302389217361724,1.3603904524007673,-0.8881449460507762,-2.310907937283041
3.3443876712107246,-3.363368398360653,-4.185377055573569,-0.34033574931239097,0.51521929993661,-1.21249817576121,2.5210247317338528,-0.33312124735679705,3.3824176476720034,-2.0651737482545602,-1.1916381606240183,-1.0934978644394926,1.8014478770686648,-0.48367474310133085,-3.2339219399222627
3.245430204745345,-0.7267112108484515,-6.349249508183162,-1.7167454937757638,-0.679566172460421,-1.6090353628926979,1.8552855180789847,0.7601491382836284,3.9036209628384997,1.6420538230555746,-7.311455959877263,-3.3355257291192326,1.5776243298698827,-5.125420555629999,0.04381816718671461
4.206836394521305,-5.382622250450412,-4.05693391256718,-0.32553120157120097,1.147625119386485,0.34383207596558196,2.1179799208007535,-1.1032959388204604,2.4560039524608857,-2.5142691684102774,0.9940165774149374,-1.2614460885059433,1.3329470970724815,0.10215634794655815,-2.897394973265558
2.124651179610942,-3.1782532104429895,-3.759285559086654,-0.6741959058301312,-0.0062915634056596725,-2.116833095234448,2.904277334318937,0.36246306999002836,3.9179692268210555,-1.0879708730435969,-1.3218511331818967,-1.3809827859697892,1.494609444706552,-1.728971408745846,-2.8998448671551524
5.976002324345636,-4.850344271720159,-3.509912675455797,-1.3138070943907465,1.1692370405228747,0.7403511457600569,-1.7062853607008468,0.960227176784845,4.877351883318185,-1.2773802451488507,-6.321354916703006,-2.215435421409481,-0.09153396177766782,-2.8374745232877103,-2.509107799739226
5.003703585805075,-3.5969377837579555,-3.3605017221184985,-1.5871458195394303,0.6277700115157712,-0.916818212601255,-1.2884929285590054,1.3867042900828994,7.155057262627497,0.7548357135443671,-8.400620884819393,-2.421865602839325,-0.22445613576953005,-3.816837550767363,-1.6413295828841696
5.4186390680415055,-4.924676103231997,-3.9485983839336503,-1.8770591768034994,0.5887271049186088,-0.3240783964308235,-1.1129641698673924,-0.13306953703312144,4.603339992391194,-1.0505103352130465,-8.24999935197274,-3.2844954160067203,0.3912360518115565,-3.801109839508295,-1.9300446829451325
5.6028098661842645,-2.4671889393865563,-4.3221795151609035,-1.6673339302495875,0.902383427452496,2.2664382439784263,-1.6671503098612859,-1.9526882143414688,4.0946459394321355,-0.5200481261415846,-5.493392091675169,-3.162655704278034,0.14063831310564578,-1.8225730800728992,-1.9873009824852281
1.8125059170527091,-1.0506314852620653,-4.9774759066594525,-1.428167492483425,-0.28500068909564846,-1.3051131891546621,2.0175810842136492,-0.3886345580890916,4.018328673764321,0.04870670823666856,-1.871532298150277,-2.8167010047567445,1.7061574019881334,-1.4723591938135803,-2.0418429231789386
2.6559175913050463,-0.9164472643376227,-5.740670801656509,-1.3127999160970765,0.0415794843241713,0.013854530709316082,1.432737723499005,-2.2775399632890454,3.0802903817086875,-0.7523913018113828,-0.728602799650131,-2.348736756759066,1.16498290213016,-1.2238889262513546,-1.9649124899288173
6.058445495532602,-6.178716287972742,-3.850907007142435,-1.337719628798847,0.6845859567626806,0.46064799172898385,0.43372587589067524,-0.6246020027026158,1.5564152170210463,-2.6999588842845386,-1.274250254296704,-2.468156269311804,1.3880803112636806,-1.3754667423020084,-2.903782433574342
3.358340657613469,-1.1924595718077249,-3.9515501038640917,-1.3874170127730916,-0.1312024244377198,-1.6400045877975524,1.6268787323519998,3.3907214781837836e-05,4.659221859621402,0.08055268817135419,-5.158693051412976,-3.07788695404666,1.2301181253040003,-3.979379558846474,-1.883902397870721
2.2725633864166848,-2.5560230860167756,-2.945498041145326,-0.5727977683171461,0.7690228366977718,-3.262698602715664,1.8079682540945687,3.4613508154050185,6.857955473093937,-1.1084825441045933,-7.433491686146823,-1.0892677909895094,0.8141317176564842,-3.94384561502582,-2.7293382589451918
4.756517348918346,-2.491991362724823,-5.007970370166,-1.9483337057977024,-0.603476504300477,-1.934449000404237,-0.07130021764366834,1.8567133597605636,5.29538754359497,1.2173054546181543,-10.676904218173927,-2.5203675735255335,0.5894535516634489,-5.239842999369296,-0.7669268268282285
2.110487343928746,-0.5962756622587144,-5.569387227873547,-0.922966522211779,-0.42523060605130003,-1.330752394360055,2.341354104933926,-1.137285027285776,3.2279454813961745,-1.593676078418142,-1.7857885943425935,-2.28832562234558,1.3704065858736043,-1.0174073286107943,-2.33737312189096
2.8098115629478317,-2.2887006527103253,-4.647311514767002,-0.7994763069715976,0.29513171766093127,-0.5315523025131554,2.6669049627412953,0.06643615534988498,2.6517862559449696,0.12612878442569797,-0.7370460813055835,-2.4972961349289395,1.8089354741185577,-2.293668516913419,-1.9851710461711007
3.0822432120086294,-3.554920778224552,-5.103060839365402,-1.7883039144770756,-0.33044598339296927,-2.2426959918451397,2.1622048895640598,0.3789639733420143,4.201873585191135,-0.09457619599181688,-5.108906468667718,-3.4136836630177414,1.5187747576929884,-3.335408279448741,-1.315720049353584
5.022761534100928,-4.244680868343008,-6.221339556138309,-2.294026119369383,-0.47769473512424443,-2.5239845862507835,0.7098834857494695,1.5964600532668685,5.037780093142856,0.4057068681003053,-9.54160133027297,-3.8175392288537253,0.7529792940969404,-6.313121451151366,-1.2448240154620493
3.094550265164442,-2.0402416256415288,-4.6674966278855345,-0.9343676276581007,0.19609781288511935,-2.6193050397375903,1.70293564357596,1.1654654544910903,4.887202376044936,0.19194505682190144,-7.0872044201061675,-1.744141590733772,1.2103902269062443,-3.9246954364051465,-1.9173589062699088
3.7188426589633146,-3.608420865553168,-4.207662799149822,-1.5531298082338847,0.7313246620422438,0.2924240427896072,0.6006500349733268,-1.0312197949865065,3.9514924978382955,-1.206831240988063,-3.95542567207396,-2.3195238643231777,0.7813816247221446,-1.7531885177445976,-2.3711403466735463
2.8975075235513015,-3.895079998166059,-3.215727621806015,-0.6323393101402525,1.253642921982433,-2.281131299888493,1.3466843425978778,2.653477008637697,6.065546257572793,-1.4551776310521092,-5.83193205230788,-0.3224636189283665,0.5148653481914423,-2.315266734842396,-3.0589614718063265
3.092519124008717,-4.291605055356558,-3.007815880964933,-0.8001350597331287,0.4806098383997177,-2.103107143302333,1.1171715032280916,1.534193516116673,6.383820165485287,-1.2105580085434942,-7.258757702626252,-0.8027397183170217,0.7750728503524973,-3.102496337914905,-2.874624719698682
1.9298009284802504,-2.6143549745395287,-3.300612777537876,-0.23061890199429247,1.2350127267034852,0.2946230703889907,0.9158466119066373,-0.5759477569874633,4.965896052551073,-2.613652129825243,-0.898588654563353,-0.8146794037585201,0.8189838959089681,0.14009914025797876,-3.3702037762550328
2.8610734979781567,-0.7718784081357155,-4.663005076640666,-1.8803861392360308,-0.298512069794288,0.0075188610679184364,0.6833234023262372,-0.23252174387824398,4.279974704130912,0.29254663970213945,-5.221897993245669,-2.995869158494777,1.0142208485898963,-2.8483663753414,-1.0613213858478814
5.352838993467364,-4.619071639016846,-5.734322045000258,-2.0978039828940416,-0.2198442581445318,-3.570994451586828,1.7054758101628973,3.909789311599938,5.416716387111227,0.97544124777447,-11.131900452060226,-4.092708608629337,1.1268549759232613,-6.319212802957231,-1.116053282481242
4.966781011296695,-4.067905312014849,-3.709420291893407,-1.4573348080534956,0.5225122114865315,-1.698709822798734,-0.1190013860591943,1.4086009782589854,5.8022432086567495,-0.5249921199108957,-9.077029693581768,-2.4334219681110665,0.9100079183050149,-5.238669375604442,-1.614029977420711
3.501862193454783,-4.765195424257224,-4.102093780826569,-1.1880570568609146,0.4326386787918128,-3.7071843250709393,3.152224987370074,2.239453366458099,5.001839991330639,-1.1722745126551029,-6.220864639023469,-2.6050796401633862,1.5272459529688642,-4.047059144429334,-3.0928160009087513
2.2575793067723176,-3.8345511333216273,-4.0833938092487365,-0.45839206757567885,0.36303746774630835,-2.138941130848582,2.624478200837991,-0.40874916065584566,4.15944382936916,-1.577493584136859,-2.2702518381326864,-1.1482877893775019,1.6408329741705847,-1.4687911709565342,-2.3077452674550796
5.848505724686184,-4.690075104374866,-5.051176077163715,-2.2328933898722303,0.5409457678245878,-0.9044889647977433,-0.6764303382555503,0.2244457914591873,4.281382708638869,-1.0946384651453567,-8.520335512290096,-2.7352259871284472,0.4868814352971381,-3.842717285607131,-1.1762710902346385
4.308158654153232,-0.7762594245168017,-4.475889001184994,-1.7734507268417827,0.32452190791221736,-0.18748589133957738,-0.9967499861323077,0.5323188746356027,6.555261068453756,0.45207814499575716,-9.406193200687959,-2.4435337856033277,-0.15289026118639804,-4.250579797477929,-1.5185998864484966
4.626185925982831,-5.985337599844565,-1.8399652328460525,-0.685667297293223,1.057141304938365,-2.000653642310841,1.1864387702284906,0.18407375237234544,4.777739982171536,-2.456302295917542,-4.129027576471025,-0.7683805975772942,0.8028231685706864,-2.1605808413657095,-3.2866025433731565
2.8226316671221876,-3.3176158037405656,-2.6372227954284533,-0.34300544230131147,0.6569979692833031,-1.0648803034550067,2.21712348721274,-1.8645280517927831,3.3982306055962206,-1.9382635143967184,0.24238953382526596,-1.3349938252695135,1.321401154406705,-0.5876424128527549,-3.583666538834308
2.391689462648335,-2.654948908861924,-5.670745407886478,-1.15683046548487,-0.5258101097920146,-2.7060490857718666,3.6012889224506814,0.011606065841683888,2.865228610515999,-0.2814592042175278,-2.1887737482529883,-2.2208370607375314,1.9192845366149889,-2.9835075234196444,-2.1450648875329508
4.904399464315908,-4.723895051937491,-5.96231610228248,-1.7338395379678366,-0.05723610985659977,-3.0053008337813885,0.8361986575856132,1.650267635895896,5.889266146994958,-0.02098889436175977,-9.383043774104006,-3.0065424219109955,0.19032263800991234,-5.853119825545399,-1.4394288555398207
3.486335584090141,-5.27932925908788,-2.6706735256097103,-0.5938906373351709,1.5941074702638198,-1.5783418744416164,0.5298788492120904,1.2604967285468616,6.901630115442382,-2.2022889609267593,-5.312769385414638,1.1761477430674079,-0.033593639097694306,-1.9131948710402873,-3.4528361677769013
2.504971125990841,-2.1123172924193754,-3.459740240406468,-1.2609852521439802,0.8248358318194855,-2.870302968709251,1.7836265375323974,0.4564119429919317,6.7151971936322195,-1.06211333000761,-6.244388466327185,-0.9306445629745628,0.8518765704007971,-3.587848860924767,-2.6240859196260624
1.6705761557473835,-1.594566374951719,-3.0428015409534614,-0.3874776119896165,0.12232882956231747,-1.4564703064189375,3.156110949780607,0.6104894643581599,3.3386889073952024,-1.3448374772285627,-0.7107413545380066,-1.1393804754113754,1.3061966403634935,-0.9642690150488278,-2.8534554684017097
2.4278907597266386,-2.709683568670727,-4.242416473582737,-0.982573870978182,0.43134933699757877,-2.556531333261778,2.5397569222817817,-0.2059046744438534,4.4760054499074595,-1.7946758143199997,-3.274550935939283,-1.897633905776464,1.8044217450814246,-1.4899797103693055,-2.1399032073793087
4.220576231501315,-5.574179035671121,-4.32374936104162,-0.12831878827002163,0.8457806185348021,-3.4935430455064886,1.6981429974160223,1.0055623989398674,5.632212772779838,-2.5492342331518536,-5.255936310498095,-1.0465541336627346,0.8453943525940526,-3.7464533951409402,-3.3295663675829714
1.3634564440043286,0.3671925696788274,-4.979391806503223,-1.0559403442312596,-0.29797482124686814,-1.4074282923512884,2.4180872045313144,0.23047533413716292,3.508212307886551,0.7649329610957327,-2.692887752926209,-3.0970635289623965,1.5528124272133874,-2.031586674395375,-1.3294350846071568
2.900531573776398,-2.0928471824563424,-3.273253779022696,-0.5900644636286129,0.6283831334552961,-1.4083750121715173,0.7783697406782997,-0.0269570062580156,5.311934086057463,-0.7106760014172688,-6.496386960118624,-2.0616473957767254,0.8194164064528345,-2.6375493469323725,-1.9223380313153213
4.055049703567555,-1.0858651150627034,-5.192606898369669,-2.2035039106403627,-0.47235077548909865,-0.7357869007225846,0.40613262018137586,1.0210236736127345,4.82343352022451,1.4120754895772545,-8.949304273476358,-3.6110880725901726,0.6287166490954855,-5.061938638501839,-0.6940310407527708
3.929773161379143,-1.2368004029840016,-5.066432586301146,-2.386690698451585,-0.10141940372894304,-0.24818804405289652,0.23092879224055607,0.1785475721916051,3.3859486736903994,1.1690049034888599,-5.727268770490553,-4.22052034036475,0.8984886078149636,-3.5497469284603973,-1.1974150346497783
1.1884047957263824,-1.4070596055261488,-4.035339675029688,-0.9789762670073264,0.5249140494097054,-2.2978980009221575,2.1769942292671143,-0.14903882947406258,5.551013082979199,-1.4738305695051759,-3.025834504917105,-1.2835292878129794,1.1481993945253492,-2.1458812790941386,-2.9780946738017846
2.961194821974411,-3.7600711272567873,-3.036366005384357,-0.24323387564465582,1.676400329146798,-2.196834765198357,0.4028580321398444,0.1585783237934298,6.669741688307795,-2.281461732685053,-5.496040359872109,-0.38870930886077115,0.5102909787297648,-1.286614806455482,-4.278895920344381
0.6078959681475502,-1.0281000918990648,-4.823176586600172,-0.20073848020453844,-0.218215176577783,-3.768996316760742,3.408888704001146,1.993486024206774,4.653053313969737,0.1844301842568814,-3.702392999453201,-1.9495416012154072,2.098283270458568,-1.9854254418476067,-2.4850172581815206
2.2122629503591007,-3.0606504168091098,-3.9235383145460503,-0.881848145300514,0.2669649816352453,-2.407024541871074,3.494305718317532,-0.7548424986804915,4.104383986233039,-1.0532242334060482,-1.8817821168648883,-1.293273943369291,1.5378145201696827,-1.882844044561239,-3.631887193430693
2.2735639550268862,-3.1580934910559644,-3.6993412711546134,-0.8542433899825581,0.48363644299047126,-2.779641721863129,1.5092517552837081,1.0833881669292642,5.943887657237427,-1.0616507273123812,-5.245565814964651,-0.955435383005979,0.7097598683971796,-2.892469079107521,-3.384125261861719
3.914976183026199,-5.6335803004895695,-3.047190185874169,-0.44667986441151086,1.6335265337133833,-0.8282788850657377,0.6908430813503997,-0.5290149331837034,5.76782202917974,-3.450737932178301,-3.250932812808807,0.0924751271486488,0.40801730664850966,-0.8958227515711215,-4.2174955197071196
3.503579795685191,-4.358958713399538,-4.030130787745775,-0.4862935761539976,0.9628103360571034,-1.4604029620601757,2.7162893458254036,-1.1043742446276918,3.111228567270507,-2.31585154339503,-0.6548437966642844,-0.7112894483254166,1.6938508466611752,-0.9356917895450334,-3.5753506445197205
